gatherings.original	width.original	height.original	original	gatherings	width	height	obl	area	count
NA	NA	NA	NA	NA	NA	NA	0	NA	33978
4to	NA	NA	4to	4to	28	22	0	616	15495
8vo	NA	NA	8to	8vo	19	13	0	247	7246
12mo	NA	NA	12to	12mo	19	12.5	0	237.5	3153
2fo	NA	NA	2to	2fo	45	30	0	1350	2237
16mo	NA	NA	16to	16mo	15	12	0	180	1672
2fo	NA	NA	fol.	2fo	45	30	0	1350	777
NA	NA	20	20 cm.	NA	20	13	0	260	360
1to	NA	NA	1to	1to	90	60	0	5400	359
NA	NA	19	19 cm.	NA	19	13	0	247	358
NA	NA	22	22 cm.	8vo	22	15	0	330	341
NA	NA	23	23 cm.	4to	23	18	0	414	336
NA	NA	24	24 cm.	4to	24	19	0	456	229
NA	NA	21	21 cm.	NA	21	14	0	294	228
4to	NA	NA	[4to.	4to	28	22	0	616	207
4long	NA	NA	4to+	4long	35	27	0	945	199
8vo	NA	NA	stor 8to	8vo	19	13	0	247	189
NA	NA	25	25 cm.	4to	25	19	0	475	186
8vo	NA	NA	[8to.	8vo	19	13	0	247	174
8vo	NA	NA	liten 8to	8vo	19	13	0	247	146
NA	NA	18	18 cm.	NA	18	12	0	216	134
NA	NA	17	17 cm.	NA	17	12	0	204	102
1to	NA	NA	poikittais-1to	1to	90	60	1	5400	102
8long	NA	NA	8to+	8long	22	13	0	286	92
NA	14	22	14 x 22 cm.	12long	22	14	0	308	87
NA	9	15	9 x 15 cm	NA	15	9	0	135	85
NA	NA	NA	[?to.	NA	NA	NA	0	NA	78
NA	9	16	9 x 16 cm	18mo	16	9	0	144	69
NA	NA	26	26 cm.	4to	26	20	0	520	69
NA	NA	28	28 cm.	NA	28	20	0	560	67
2fo	NA	NA	folio.	2fo	45	30	0	1350	65
12mo	NA	NA	kapea/pitkä 12to	12mo	19	12.5	0	237.5	65
2fo	NA	NA	[2to.	2fo	45	30	0	1350	59
NA	NA	29	29 cm.	NA	29	20	0	580	58
32mo	NA	NA	32to	32mo	12	7	0	84	57
NA	NA	30	30 cm.	NA	30	20	0	600	53
NA	10	17	10 x 17 cm	18mo	17	10	0	170	52
NA	NA	16	16 cm.	NA	16	11	0	176	51
NA	NA	27	27 cm.	NA	27	20	0	540	51
NA	10	16	10 x 16 cm	18mo	16	10	0	160	50
NA	11	18	11 x 18 cm.	18mo	18	11	0	198	47
NA	NA	31	31 cm.	NA	31	21	0	651	47
NA	12	18	12 x 18 cm.	NA	18	12	0	216	42
NA	NA	32	32 cm.	2fo	32	21	0	672	42
NA	12	19	12 x 19 cm.	12mo	19	12	0	228	41
NA	NA	15	15 cm.	16mo	15	12	0	180	40
NA	NA	33	33 cm.	2fo	33	22	0	726	39
NA	9	14	9 x 14 cm	18mo	14	9	0	126	31
6to	NA	NA	6to	6to	NA	NA	0	NA	29
NA	NA	NA	poikittais-1to[1/2to].	NA	NA	NA	1	NA	29
NA	NA	34	34 cm.	2fo	34	22	0	748	28
NA	NA	NA	poikittais-1to[-1/2to].	NA	NA	NA	1	NA	28
NA	9	17	9 x 17 cm	18mo	17	9	0	153	27
NA	NA	35	35 cm.	2fo	35	23	0	805	27
NA	11	17	11 x 17 cm.	NA	17	11	0	187	26
1to	NA	NA	[1to.	1to	90	60	0	5400	25
NA	14	21	14 x 21 cm.	NA	21	14	0	294	24
NA	11	18	11 x 18 cm	18mo	18	11	0	198	23
NA	13	20	13 x 20 cm.	NA	20	13	0	260	23
NA	11	16	11 x 16 cm.	NA	16	11	0	176	23
12mo	NA	NA	pitkä 12to	12mo	19	12.5	0	237.5	22
NA	8	15	8 x 15 cm	NA	15	8	0	120	21
NA	8	14	8 x 14 cm	18mo	14	8	0	112	20
NA	NA	14	14 cm.	NA	14	11	0	154	20
12mo	NA	NA	[12to.	12mo	19	12.5	0	237.5	19
NA	13	21	13 x 21 cm.	NA	21	13	0	273	17
NA	NA	13	13 cm.	16mo	13	10	0	130	15
NA	10	18	10 x 18 cm	18mo	18	10	0	180	14
NA	12	20	12 x 20 cm.	NA	20	12	0	240	14
NA	10	15	10 x 15 cm.	NA	15	10	0	150	14
NA	NA	36	36 cm.	2fo	36	24	0	864	14
4to	NA	NA	tvär 4to	4to	28	22	0	616	14
NA	8	13	8 x 13 cm	32mo	13	8	0	104	13
NA	10	15	10 x 15 cm	NA	15	10	0	150	13
NA	11	15	11 x 15 cm.	NA	15	11	0	165	12
NA	13	19	13 x 19 cm.	NA	19	13	0	247	12
8vo	NA	NA	tvär 8to	8vo	19	13	0	247	12
24mo	NA	NA	24to	24mo	12.5	8.5	0	106.25	12
2fo	NA	NA	poikittais-2to	2fo	45	30	1	1350	11
2fo	NA	NA	tvär fol.	2fo	45	30	0	1350	11
4to	NA	NA	stor 4to	4to	28	22	0	616	11
NA	10	14	10 x 14 cm.	NA	14	10	0	140	10
NA	14	20	14 x 20 cm.	12long	20	14	0	280	10
NA	12	17	12 x 17 cm.	NA	17	12	0	204	10
NA	9	12	9 x 12 cm.	NA	12	9	0	108	10
NA	NA	11	11 cm.	NA	11	8	0	88	10
NA	NA	NA	kuv.	NA	NA	NA	0	NA	10
NA	7	13	7 x 13 cm	32mo	13	7	0	91	9
NA	10	17	10 x 17 cm.	18mo	17	10	0	170	9
NA	22	29	22 x 29 cm.	4to	29	22	0	638	9
NA	10	16	10 x 16 cm.	18mo	16	10	0	160	9
4to	NA	NA	poikittais-4to	4to	28	22	1	616	9
8vo	NA	NA	poikittais-8to	8vo	19	13	1	247	9
NA	11	17	11 x 17 cm	NA	17	11	0	187	8
NA	8	16	8 x 16 cm	18mo	16	8	0	128	8
NA	14	23	14 x 23 cm.	8long	23	14	0	322	8
NA	60	85	60 x 85 cm.	1to	85	60	0	5100	8
NA	NA	38	38 cm.	NA	38	35	0	1330	8
NA	NA	NA	o.	NA	NA	NA	0	NA	8
18mo	NA	NA	18to	18mo	16	10	0	160	8
64mo	NA	NA	64to	64mo	7	5	0	35	8
NA	9	14	9 x 14 cm.	18mo	14	9	0	126	7
NA	12	19	12 x 19 cm	12mo	19	12	0	228	7
NA	10	18	10 x 18 cm.	18mo	18	10	0	180	7
NA	NA	37	37 cm.	2fo	37	25	0	925	7
NA	NA	12	12 cm.	NA	12	9	0	108	7
8vo	NA	NA	8:0.	8vo	19	13	0	247	7
8vo	NA	18	8to(18 cm)	8vo	18	12	0	216	7
4to	NA	25	4to(25 cm)	4to	25	19	0	475	7
12long	NA	NA	12to+	12long	20	13	0	260	7
NA	NA	39	39 cm.	2fo	39	26	0	1014	7
NA	NA	NA	1to[1/2to].	NA	NA	NA	0	NA	7
2fo	NA	NA	[1/2to].	2fo	45	30	0	1350	7
NA	NA	21	21 cm +	NA	21	14	0	294	6
NA	15	22	15 x 22 cm.	8vo	22	15	0	330	6
NA	9	15	9 x 15 cm.	NA	15	9	0	135	6
NA	11	14	11 x 14 cm.	NA	14	11	0	154	6
NA	13	22	13 x 22 cm.	8long	22	13	0	286	6
NA	37.5	42.8	37.5 x 42.8 cm. plate 44 x 50 cm.	NA	42.8	37.5	0	1605	6
NA	37.7	42.8	37.7 x 42.8 cm. plate 44 x 49 cm.	NA	42.8	37.7	0	1613.56	6
NA	37.7	42.7	37.7 x 42.7 cm. plate 44 x 49 cm.	NA	42.7	37.7	0	1609.79	6
2fo	NA	NA	Fol.	2fo	45	30	0	1350	6
16mo	NA	NA	[16to.	16mo	15	12	0	180	6
1to	NA	NA	[1to].	1to	90	60	0	5400	6
NA	7	11	7 x 11 cm.	32mo	11	7	0	77	5
NA	9	11	9 x 11 cm.	NA	11	9	0	99	5
NA	12	16	12 x 16 cm.	12mo	16	12	0	192	5
NA	16	24	16 x 24 cm.	2small	24	16	0	384	5
NA	15	23	15 x 23 cm.	NA	23	15	0	345	5
NA	NA	22	22 cm +	8vo	22	15	0	330	5
4to	NA	18	4to(18 cm)	4to	18	16	0	288	5
NA	14	19	14 x 19 cm.	16long	19	14	0	266	5
8vo	NA	NA	aflång 8to	8vo	19	13	0	247	5
2fo	NA	NA	1/2to	2fo	45	30	0	1350	5
NA	7	12	7 x 12 cm	32mo	12	7	0	84	4
NA	9	13	9 x 13 cm	NA	13	9	0	117	4
NA	NA	41	41 cm.	2fo	41	27	0	1107	4
NA	17	25	17 x 25 cm.	2small	25	17	0	425	4
NA	22	28	22 x 28 cm.	4to	28	22	0	616	4
NA	18	23	18 x 23 cm.	4to	23	18	0	414	4
NA	15	20	15 x 20 cm.	12long	20	15	0	300	4
NA	19	29	19 x 29 cm.	NA	29	19	0	551	4
NA	7	10	7 x 10 cm.	16mo	10	7	0	70	4
NA	8	11	8 x 11 cm.	NA	11	8	0	88	4
NA	13	18	13 x 18 cm.	NA	18	13	0	234	4
NA	NA	44	44 cm.	2fo	44	29	0	1276	4
NA	NA	20	20 cm +	NA	20	13	0	260	4
NA	NA	10	10 cm.	16mo	10	7	0	70	4
NA	36	45	36 x 45 cm.	2fo	45	36	0	1620	4
NA	32	42	42 x 32 cm.	2fo	42	32	0	1344	4
NA	32	43	43 x 32 cm.	2fo	43	32	0	1376	4
4to	NA	21	4to(21 cm)	4to	21	17	0	357	4
NA	NA	40	40 cm.	2fo	40	26	0	1040	4
NA	32	48.2	48.2 x 32 cm. plate 58 x 41 cm.	2fo	48.2	32	0	1542.4	4
NA	NA	23	23 cm	4to	23	18	0	414	4
NA	NA	NA	8 to	NA	NA	NA	0	NA	4
12mo	NA	NA	(pitkä) 12to	12mo	19	12.5	0	237.5	4
12mo	NA	NA	12:0.	12mo	19	12.5	0	237.5	4
4long	NA	NA	4to +	4long	35	27	0	945	4
NA	65	79.5	79.5x65 cm.	1to	79.5	65	0	5167.5	4
NA	13	18	13 x 18 cm	NA	18	13	0	234	4
2fo	NA	NA	2to.	2fo	45	30	0	1350	4
NA	12	18	12 x 18 cm	NA	18	12	0	216	3
NA	8	12	8 x 12 cm	NA	12	8	0	96	3
NA	7	11	7 x 11 cm	32mo	11	7	0	77	3
NA	9	16	9 x 16 cm.	18mo	16	9	0	144	3
NA	19	25	19 x 25 cm.	4to	25	19	0	475	3
NA	18	25	18 x 25 cm.	NA	25	18	0	450	3
NA	10	13	10 x 13 cm.	16mo	13	10	0	130	3
NA	17	22	17 x 22 cm.	4to	22	17	0	374	3
NA	17	21	17 x 21 cm.	4to	21	17	0	357	3
NA	16	19	16 x 19 cm.	4to	19	16	0	304	3
NA	13	24	13 x 24 cm.	8long	24	13	0	312	3
NA	NA	23	23 cm +	4to	23	18	0	414	3
NA	NA	NA	21-22 cm.	NA	NA	NA	0	NA	3
NA	36	45	45 x 36 cm.	2fo	45	36	0	1620	3
NA	41	47	41 x 47 cm.	NA	47	41	0	1927	3
NA	40	53.7	40 x 53.7 cm. plate 45 x 60 cm.	2long	53.7	40	0	2148	3
8vo	NA	20	8to(20 cm)	8vo	20	13	0	260	3
NA	32	48.2	48.2 x 32 cm. plate 58 x 45 cm.	2fo	48.2	32	0	1542.4	3
NA	32	48.2	48.2 x 32 cm. plate 58.2 x 41 cm.	2fo	48.2	32	0	1542.4	3
NA	32.3	42.2	42.2 x 32.3 cm. plate 45.8 x 36.5 cm.	2fo	42.2	32.3	0	1363.06	3
NA	37.7	42.7	37.7 x 42.7 cm. plate 45 x 50 cm.	NA	42.7	37.7	0	1609.79	3
NA	37.7	42.7	37.7 x 42.7 cm. plate 43 x 48 cm.	NA	42.7	37.7	0	1609.79	3
NA	37.5	42.8	37.5 x 42.8 cm. plate 43 x 49 cm.	NA	42.8	37.5	0	1605	3
NA	26	33	26 x 33 cm.	NA	33	26	0	858	3
NA	61	70	70 x 61 cm.	NA	70	61	0	4270	3
NA	59	70	70 x 59 cm.	NA	70	59	0	4130	3
4to	NA	NA	4.o.	4to	28	22	0	616	3
4to	NA	NA	4to.	4to	28	22	0	616	3
NA	NA	55	55 cm.	2long	55	34	0	1870	3
NA	NA	20	20cm.	NA	20	13	0	260	3
2fo	NA	NA	tvär folio.	2fo	45	30	0	1350	3
16mo	NA	NA	tvär 16to	16mo	15	12	0	180	3
NA	61.5	92	61.5 x 92 cm. plate 65.5 x 96 cm.	1to	92	61.5	0	5658	3
NA	NA	NA	?to	NA	NA	NA	0	NA	3
12mo	NA	NA	kapea 12to	12mo	19	12.5	0	237.5	3
2fo	NA	NA	pat. fol.	2fo	45	30	0	1350	3
NA	7	14	7 x 14 cm	18mo	14	7	0	98	2
NA	9	18	9 x 18 cm	18mo	18	9	0	162	2
NA	13	19	13 x 19 cm	NA	19	13	0	247	2
NA	6	12	6 x 12 cm	32mo	12	6	0	72	2
NA	33.8	50	50 x 33.8 cm. plate 58.2 x 40.7 cm.	2fo	50	33.8	0	1690	2
NA	62	93	62 x 93 cm. plate 65.5 x 96 cm.	1to	93	62	0	5766	2
NA	19	27	19 x 27 cm.	NA	27	19	0	513	2
NA	6	10	6 x 10 cm.	NA	10	6	0	60	2
NA	22	28	28 x 22 cm.	4to	28	22	0	616	2
NA	7	12	7 x 12 cm.	32mo	12	7	0	84	2
NA	20	25	20 x 25 cm.	4to	25	20	0	500	2
NA	9	13	9 x 13 cm.	NA	13	9	0	117	2
NA	21	28	21 x 28 cm.	4to	28	21	0	588	2
NA	8	12	8 x 12 cm.	NA	12	8	0	96	2
NA	10	12	10 x 12 cm.	NA	12	10	0	120	2
NA	20	26	20 x 26 cm.	4to	26	20	0	520	2
NA	22	40	22 x 40 cm.	2fo	40	22	0	880	2
NA	18	20	18 x 20 cm.	4to	20	18	0	360	2
NA	23	31	23 x 31 cm.	NA	31	23	0	713	2
NA	NA	19	19 cm +	NA	19	13	0	247	2
NA	NA	NA	17-18 cm.	NA	NA	NA	0	NA	2
NA	NA	NA	18-20 cm.	NA	NA	NA	0	NA	2
NA	43	50.6	50.6 x 43 cm. plate 58 x 50.3 cm.	NA	50.6	43	0	2175.8	2
NA	43.1	51.4	51.4 x 43.1 cm. plate 58.2 x 50.4 cm.	NA	51.4	43.1	0	2215.34	2
NA	42.8	51	51 x 42.8 cm. plate 58 x 50.3 cm.	NA	51	42.8	0	2182.8	2
NA	58	88.7	plate 88.7 x 58 cm.	1to	88.7	58	0	5144.6	2
NA	47.4	72.5	72.5 x 47.4 cm. plate 83 x 58 cm.	1to	72.5	47.4	0	3436.5	2
NA	93	129	129 x 93 cm.	NA	129	93	0	11997	2
NA	37	46	37 x 46 cm.	2fo	46	37	0	1702	2
NA	57	73	57 x 73 cm.	1to	73	57	0	4161	2
NA	NA	18	18 cm +	NA	18	12	0	216	2
NA	23	29	23 x 29 cm.	4to	29	23	0	667	2
NA	28	35	28 x 35 cm.	4long	35	28	0	980	2
NA	31	35	31 x 35 cm.	4long	35	31	0	1085	2
NA	56	71	56 x 71 cm.	NA	71	56	0	3976	2
NA	71	101	71 x 101 cm.	1to	101	71	0	7171	2
NA	NA	24	24 cm +	4to	24	19	0	456	2
NA	30	32	32 x 30 cm.	NA	32	30	0	960	2
NA	32	NA	32 x 32 cm.	NA	32	32	0	1024	2
NA	40.9	54.9	40.9 x 54.9 cm. plate 45 x 60 cm.	2long	54.9	40.9	0	2245.41	2
NA	41	55	41 x 55 cm. plate 45 x 60 cm.	2long	55	41	0	2255	2
NA	40.7	54.4	40.7 x 54.4 cm. plate 45 x 60 cm.	2long	54.4	40.7	0	2214.08	2
NA	41	55.5	41 x 55.5 cm. plate 45 x 60 cm.	2long	55.5	41	0	2275.5	2
8long	NA	NA	8to +	8long	22	13	0	286	2
NA	66	89	89 x 66 cm.	1to	89	66	0	5874	2
NA	63	68	68 x 63 cm.	NA	68	63	0	4284	2
NA	57	68	57 x 68 cm.	NA	68	57	0	3876	2
NA	56	68	56 x 68 cm.	NA	68	56	0	3808	2
NA	17.2	23.9	17.2 x 23.9 cm.	2small	23.9	17.2	0	411.08	2
NA	17	25.5	25.5 x 17 cm. plate 29.3 x 23 cm.	NA	25.5	17	0	433.5	2
NA	17	25.5	25.5 x 17 cm. plate 29.3 x 22.8 cm.	NA	25.5	17	0	433.5	2
NA	NA	NA	8:c.	NA	NA	NA	0	NA	2
NA	32.3	42.2	42.2 x 32.3 cm. plate 46 x 36.8 cm.	2fo	42.2	32.3	0	1363.06	2
NA	32.3	42.2	42.2 x 32.3 cm. plate 45.8 x 36.8 cm.	2fo	42.2	32.3	0	1363.06	2
NA	NA	60	60 cm.	2long	60	34	0	2040	2
NA	37.8	42.8	37.8 x 42.8 cm. plate 43 x 48 cm.	NA	42.8	37.8	0	1617.84	2
NA	37.6	42.8	37.6 x 42.8 cm. plate 44 x 50 cm.	NA	42.8	37.6	0	1609.28	2
NA	37.7	43	37.7 x 43 cm. plate 44 x 50 cm.	NA	43	37.7	0	1621.1	2
NA	37.7	42.9	37.7 x 42.9 cm. plate 44 x 49 cm.	NA	42.9	37.7	0	1617.33	2
NA	37.8	42.9	37.8 x 42.9 cm. plate 44 x 49 cm.	NA	42.9	37.8	0	1621.62	2
NA	37.7	42.8	37.7 x 42.8 cm. plate 45 x 50 cm.	NA	42.8	37.7	0	1613.56	2
NA	37.7	42.8	37.7 x 42.8 cm. plate 43 x 48 cm.	NA	42.8	37.7	0	1613.56	2
NA	37.7	42.8	37.7 x 42.8 cm. plate 44 x 50 cm.	NA	42.8	37.7	0	1613.56	2
NA	37.8	43	37.8 x 43 cm. plate 44 x 49 cm.	NA	43	37.8	0	1625.4	2
NA	37.5	42.8	37.5 x 42.8 cm. plate 44 x 49 cm.	NA	42.8	37.5	0	1605	2
NA	NA	42	42 cm.	2fo	42	27	0	1134	2
NA	26	35	26 x 35 cm.	4long	35	26	0	910	2
NA	25	34	25 x 34 cm.	4long	34	25	0	850	2
NA	23	33	23 x 33 cm.	2fo	33	23	0	759	2
NA	26	32	26 x 32 cm.	NA	32	26	0	832	2
NA	NA	NA	12 to	NA	NA	NA	0	NA	2
4to	NA	NA	4:0.	4to	28	22	0	616	2
NA	NA	28	28 cm +	NA	28	20	0	560	2
NA	32	42	32 x 42 cm. plate 35 x 45 cm.	2fo	42	32	0	1344	2
NA	41.5	46.7	46.7 x 41.5 cm. plate 51.1 x 43.6 cm.	NA	46.7	41.5	0	1938.05	2
NA	63	69	69 x 63 cm.	NA	69	63	0	4347	2
NA	63	75	75 x 63 cm.	1to	75	63	0	4725	2
NA	NA	56	56 cm.	2long	56	34	0	1904	2
16mo	NA	NA	aflång 16to	16mo	15	12	0	180	2
16mo	NA	NA	16to.	16mo	15	12	0	180	2
NA	NA	21	21cm.	NA	21	14	0	294	2
12mo	NA	NA	lyhyt 12to	12mo	19	12.5	0	237.5	2
4to	NA	NA	poikki 4to	4to	28	22	0	616	2
8vo	NA	NA	8to.	8vo	19	13	0	247	2
12mo	NA	NA	aflång 12to	12mo	19	12.5	0	237.5	2
NA	NA	NA	Koko vaihtelee.	NA	NA	NA	0	NA	2
NA	22.7	32	32 x 22.7 cm. plate 41.3 x 26.5 cm.	2fo	32	22.7	0	726.4	2
NA	13	17	13 x 17 cm	16long	17	13	0	221	2
NA	61.8	92	61.8 x 92 cm. plate 65.5 x 96 cm.	1to	92	61.8	0	5685.6	2
NA	55.5	73	55.5 x 73 cm.	1to	73	55.5	0	4051.5	2
NA	58.5	77	58.5 x 77 cm.	1to	77	58.5	0	4504.5	2
NA	58.5	77	77 x 58.5 cm.	1to	77	58.5	0	4504.5	2
NA	33	41.7	33 x 41.7 cm. plate 42.5 x 51 cm.	2fo	41.7	33	0	1376.1	2
1to	NA	NA	1to.	1to	90	60	0	5400	2
12mo	NA	NA	[pitkä 12to.	12mo	19	12.5	0	237.5	2
2long	NA	NA	2to+	2long	53	30	0	1590	2
12mo	NA	NA	pitkä/kapea 12to	12mo	19	12.5	0	237.5	2
4to	NA	NA	[4to].	4to	28	22	0	616	2
8vo	NA	NA	8:.	8vo	19	13	0	247	2
2fo	NA	NA	2.	2fo	45	30	0	1350	2
NA	NA	NA	4to[8to].	NA	NA	NA	0	NA	2
NA	60.8	79.2	79.2 x 60.8 cm. plate 85 x 65 cm.	1to	79.2	60.8	0	4815.36	1
NA	49.3	50	50 x 49.3 cm. plate 55 x 68 cm.	NA	50	49.3	0	2465	1
16mo	NA	13	16to(13 cm)	16mo	13	10	0	130	1
NA	48.9	49.8	49.8 x 48.9 cm. plate 53.5 x 53 cm.	NA	49.8	48.9	0	2435.22	1
NA	48	56.8	56.8 x 48 cm. plate 73.5 x 53.5 cm.	NA	56.8	48	0	2726.4	1
NA	23	28	23 x 28 cm.	4to	28	23	0	644	1
NA	25	30	25 x 30 cm.	NA	30	25	0	750	1
NA	46.8	56.5	46.8 x 56.5 cm. plate 55 x 65.5 cm.	NA	56.5	46.8	0	2644.2	1
NA	13	20	13 x 20 cm	NA	20	13	0	260	1
NA	20	25	20 x 25 cm	4to	25	20	0	500	1
NA	6	14	6 x 14 cm	18mo	14	6	0	84	1
NA	6	10	6 x 10 cm	NA	10	6	0	60	1
NA	17	23	23 x 17 cm	NA	23	17	0	391	1
NA	8	17	8 x 17 cm	18mo	17	8	0	136	1
NA	27	38	27 x 38 cm	2fo	38	27	0	1026	1
NA	19	22	19 x 22 cm	4to	22	19	0	418	1
NA	20	26	20 x 26 cm	4to	26	20	0	520	1
NA	11	19	11 x 19 cm	12mo	19	11	0	209	1
NA	38	46.7	38 x 46.7 cm.	2fo	46.7	38	0	1774.6	1
NA	NA	21	21 cm	NA	21	14	0	294	1
NA	69.2	101.7	69.2 x 101.7 cm. plate 73.6 x 110.3 cm.	1to	101.7	69.2	0	7037.64	1
NA	52.1	72.5	52.1 x 72.5 cm. plate 57.8 x 77 cm.	1to	72.5	52.1	0	3777.25	1
NA	67.4	97.7	97.7 x 67.4 cm. plate 98.4 x 67.7 cm.	1to	97.7	67.4	0	6584.98	1
NA	70.8	87.5	87.5 x 70.8 cm. plate 97.8 x 73.8 cm.	1to	87.5	70.8	0	6195	1
NA	72.5	109.5	72.5 x 109.5 cm. plates 75.5 x 64.5. 75.8 x 64 cm.	1to	109.5	72.5	0	7938.75	1
NA	65.5	99.3	65.5 x 99.3 cm. plate 74 x 110 cm.	1to	99.3	65.5	0	6504.15	1
NA	64.7	98.7	64.7 x 98.7 cm. plate 67 x 100 cm.	1to	98.7	64.7	0	6385.89	1
NA	66.3	98.8	66.3 x 98.8 cm. plate 68.5 x 101.5 cm.	1to	98.8	66.3	0	6550.44	1
NA	62.8	93.8	62.8 x 93.8 cm. plate 65.5 x 96 cm.	1to	93.8	62.8	0	5890.64	1
NA	68.3	103	68.3 x 103 cm. plate 72.5 x 109.5 cm.	1to	103	68.3	0	7034.9	1
NA	74	97.7	74 x 97.7 cm. plate 68 x 101.5 cm.	1to	97.7	74	0	7229.8	1
NA	65.5	100.2	65.5 x 100.2 cm. plate 67.7 x 102.2 cm.	1to	100.2	65.5	0	6563.1	1
NA	64.2	98.5	64.2 x 98.5 cm. plate 67.5 x 100 cm.	1to	98.5	64.2	0	6323.7	1
NA	43.4	64	43.4 x 64 cm. plate 46 x 66 cm.	2long	64	43.4	0	2777.6	1
NA	43	61.6	43 x 61.6 cm. plate 45.8 x 64.3 cm.	2long	61.6	43	0	2648.8	1
NA	51.3	68.3	51.3 x 68.3 cm. plate 57.5 x 77 cm.	NA	68.3	51.3	0	3503.79	1
NA	51	72	72 x 51 cm. plate 77 x 57.7 cm.	NA	72	51	0	3672	1
NA	52.7	71.5	52.7 x 71.5 cm. plate 57.5 x 77.2 cm.	NA	71.5	52.7	0	3768.05	1
NA	51.5	67.5	51.5 x 67.5 cm. plate 59.5 x 77 cm.	NA	67.5	51.5	0	3476.25	1
NA	52.7	68.7	52.7 x 68.7 cm. plate 57.3 x 77 cm.	NA	68.7	52.7	0	3620.49	1
NA	51.5	68.7	51.5 x 68.7 cm. plate 57 x 76.7 cm.	NA	68.7	51.5	0	3538.05	1
NA	43.3	51.5	51.5 x 43.3 cm. plate 64.5 x 50 cm.	NA	51.5	43.3	0	2229.95	1
NA	49.5	69.1	49.5 x 69.1 cm. plate 51.2 x 70.5 cm.	NA	69.1	49.5	0	3420.45	1
NA	42.2	60.8	42.2 x 60.8 cm. plate 46.7 x 65.5 cm. kansi 25 x 18 cm.	2long	60.8	42.2	0	2565.76	1
NA	30.8	34.2	30.8 x 34.2 cm. plate 37.3 x 41.7 cm.	NA	34.2	30.8	0	1053.36	1
NA	23.2	33.2	23.2 x 33.2 cm. plate 28 x 37.5 cm.	2fo	33.2	23.2	0	770.24	1
NA	23.4	33.4	23.4 x 33.4 cm. plate 33 x 43.5 cm.	2fo	33.4	23.4	0	781.56	1
NA	46.8	63.8	46.8 x 63.8 cm. plate 54 x 70 cm.	NA	63.8	46.8	0	2985.84	1
NA	58	74.3	74.3 x 58 cm. plate 83 x 62 cm.	1to	74.3	58	0	4309.4	1
NA	57.7	73.5	73.5 x 57.7 cm. plate 80.5 x 63 cm.	1to	73.5	57.7	0	4240.95	1
NA	52.8	70.3	52.8 x 70.3 cm. plate 57.5 x 77 cm.	NA	70.3	52.8	0	3711.84	1
NA	15	29	15 x 29 cm.	NA	29	15	0	435	1
NA	21	29	21 x 29 cm.	NA	29	21	0	609	1
NA	19	31	19 x 31 cm.	NA	31	19	0	589	1
NA	6	9	9 x 6 cm.	NA	9	6	0	54	1
NA	22	31	22 x 31 cm.	NA	31	22	0	682	1
NA	19	28	19 x 28 cm.	NA	28	19	0	532	1
NA	17	24	17 x 24 cm.	2small	24	17	0	408	1
NA	12	21	12 x 21 cm.	NA	21	12	0	252	1
NA	10	23	10 x 23 cm.	8long	23	10	0	230	1
NA	23	27	27 x 23 cm.	4to	27	23	0	621	1
NA	8	13	8 x 13 cm.	32mo	13	8	0	104	1
NA	15	21	15 x 21 cm.	NA	21	15	0	315	1
NA	11	19	11 x 19 cm.	12mo	19	11	0	209	1
NA	11	15	15 x 11 cm.	NA	15	11	0	165	1
NA	18	24	18 x 24 cm.	4to	24	18	0	432	1
NA	32	42	32 x 42 cm.	2fo	42	32	0	1344	1
NA	31	43	31 x 43 cm.	2fo	43	31	0	1333	1
NA	29	46	29 x 46 cm.	2fo	46	29	0	1334	1
NA	22	37	22 x 37 cm.	2fo	37	22	0	814	1
NA	16	23	16 x 23 cm.	2small	23	16	0	368	1
NA	17	26	17 x 26 cm.	NA	26	17	0	442	1
NA	22	27	22 x 27 cm.	4to	27	22	0	594	1
NA	17	27	17 x 27 cm.	NA	27	17	0	459	1
NA	11	21	11 x 21 cm.	NA	21	11	0	231	1
NA	11	22	11 x 22 cm.	8long	22	11	0	242	1
NA	4	33	4 x 33 cm.	2fo	33	4	0	132	1
NA	22	34	22 x 34 cm.	2fo	34	22	0	748	1
NA	23	42	23 x 42 cm.	2fo	42	23	0	966	1
NA	24	35	24 x 35 cm.	2fo	35	24	0	840	1
NA	18	21	18 x 21 cm.	4to	21	18	0	378	1
NA	15	18	15 x 18 cm.	NA	18	15	0	270	1
NA	13	31	13 x 31 cm.	NA	31	13	0	403	1
NA	11	20	11 x 20 cm.	NA	20	11	0	220	1
NA	15	19	15 x 19 cm.	NA	19	15	0	285	1
NA	13	30	13 x 30 cm.	NA	30	13	0	390	1
NA	12	29	12 x 29 cm.	NA	29	12	0	348	1
NA	18	22	18 x 22 cm.	4to	22	18	0	396	1
NA	11	23	11 x 23 cm.	8long	23	11	0	253	1
NA	15	25	15 x 25 cm.	NA	25	15	0	375	1
NA	23	NA	23 x 23 cm.	NA	23	23	0	529	1
NA	15	24	24 x 15 cm.	8vo	24	15	0	360	1
NA	14	21	21 x 14 cm.	NA	21	14	0	294	1
NA	13	16	13 x 16 cm.	NA	16	13	0	208	1
NA	7	20	7 x 20 cm.	NA	20	7	0	140	1
NA	16	22	16 x 22 cm.	8vo	22	16	0	352	1
NA	13	26	13 x 26 cm.	8long	26	13	0	338	1
NA	13	23	13 x 23 cm.	8long	23	13	0	299	1
NA	13	25	13 x 25 cm.	8long	25	13	0	325	1
NA	50	NA	50 x 50 cm.	NA	60	50	0	3000	1
NA	136	158	n. 136 x 158 cm. plates n. 34 x 52.5 cm.	NA	158	136	0	21488	1
NA	70	102	102 x 70 cm.	1to	102	70	0	7140	1
NA	37.8	46.3	plate 46.3 x 37.8 cm.	2fo	46.3	37.8	0	1750.14	1
NA	19.5	53.3	19.5 x 53.3 cm. plate 22.5 x 55.5 cm.	2long	53.3	19.5	0	1039.35	1
NA	40.5	41.4	40.5 x 41.4 cm. plate 47.1 x 48 cm.	NA	41.4	40.5	0	1676.7	1
NA	NA	NA	19-20 cm.	NA	NA	NA	0	NA	1
NA	NA	NA	18-21 cm.	NA	NA	NA	0	NA	1
NA	18	26	18 x 26 cm.	NA	26	18	0	468	1
NA	40.4	41.4	40.4 x 41.4 cm. plate 48.3 x 49.5 cm.	NA	41.4	40.4	0	1672.56	1
NA	35.5	87.5	35.5 x 87.5 cm. plate 43 x 95 cm.	1to	87.5	35.5	0	3106.25	1
NA	NA	NA	27-31 cm.	NA	NA	NA	0	NA	1
NA	44.1	51	plate 44.1 x 51 cm. kansi 16 x 11 cm.	NA	51	44.1	0	2249.1	1
NA	44.4	49.4	44.4 x 49.4 cm. plate 51 x 66.5 cm.	NA	49.4	44.4	0	2193.36	1
NA	42.7	51.4	51.4 x 42.7 cm. plate 58 x 50.3 cm.	NA	51.4	42.7	0	2194.78	1
NA	42.8	50.8	50.8 x 42.8 cm. plate 58 x 50.4 cm.	NA	50.8	42.8	0	2174.24	1
NA	43.1	50.4	50.4 x 43.1 cm. plate 58 x 50.6 cm.	NA	50.4	43.1	0	2172.24	1
NA	42.9	50.8	50.8 x 42.9 cm. plate 58 x 50.3 cm.	NA	50.8	42.9	0	2179.32	1
NA	42.7	51.2	51.2 x 42.7 cm. plate 58 x 50.2 cm.	NA	51.2	42.7	0	2186.24	1
NA	43	51.1	51.1 x 43 cm. plate 58 x 50.3 cm.	NA	51.1	43	0	2197.3	1
NA	43	51.3	51.3 x 43 cm. plate 58 x 51 cm.	NA	51.3	43	0	2205.9	1
NA	43.1	51.3	51.3 x 43.1 cm. plate 58 x 50.2 cm.	NA	51.3	43.1	0	2211.03	1
NA	42.8	51.3	51.3 x 42.8 cm. plate 58 x 50.3 cm.	NA	51.3	42.8	0	2195.64	1
NA	42.8	51.1	51.1 x 42.8 cm. plate 58 x 50.4 cm.	NA	51.1	42.8	0	2187.08	1
NA	43.1	51.3	51.3 x 43.1 cm. plate 58 x 50.4 cm.	NA	51.3	43.1	0	2211.03	1
NA	42.9	51.5	51.5 x 42.9 cm. plate 58.2 x 50.4 cm.	NA	51.5	42.9	0	2209.35	1
NA	42.9	51	51 x 42.9 cm. plate 58.2 x 50.4 cm.	NA	51	42.9	0	2187.9	1
NA	43	51.5	51.5 x 43 cm. plate 58 x 50.3 cm.	NA	51.5	43	0	2214.5	1
NA	43.1	51.5	51.5 x 43.1 cm. plate 58 x 50.4 cm.	NA	51.5	43.1	0	2219.65	1
NA	43.2	51.5	51.5 x 43.2 cm. plate 58 x 50.4 cm.	NA	51.5	43.2	0	2224.8	1
NA	42.9	51.6	51.6 x 42.9 cm. plate 58 x 50.3 cm.	NA	51.6	42.9	0	2213.64	1
NA	42.9	51.4	51.4 x 42.9 cm. plate 58.2 x 50.5 cm.	NA	51.4	42.9	0	2205.06	1
NA	43	51.1	51.1 x 43 cm. plate 58 x 50.4 cm.	NA	51.1	43	0	2197.3	1
NA	43.1	51.3	51.3 x 43.1 cm. plate 58 x 50.3 cm.	NA	51.3	43.1	0	2211.03	1
NA	43.1	51.4	51.4 x 43.1 cm. plate 58 x 50.4 cm.	NA	51.4	43.1	0	2215.34	1
NA	43	51	51 x 43 cm. plate 58 x 50.4 cm.	NA	51	43	0	2193	1
NA	42.9	51	51 x 42.9 cm. plate 58 x 50.3 cm.	NA	51	42.9	0	2187.9	1
NA	43.1	51	51 x 43.1 cm. plate 58 x 50.3 cm.	NA	51	43.1	0	2198.1	1
NA	43.1	50.6	50.6 x 43.1 cm. plate 58 x 50.2 cm.	NA	50.6	43.1	0	2180.86	1
NA	42.6	51.3	n. 51.3 x 42.6 cm. plate 58 x 51 cm +	NA	51.3	42.6	0	2185.38	1
NA	67	119	119 x 67 cm. kansi 26 x 18 cm.	1to	119	67	0	7973	1
NA	37.6	51.6	51.6 x 37.6 cm. plate 55.3 x 41.8 cm.	2long	51.6	37.6	0	1940.16	1
NA	40.4	41.3	40.4 x 41.3 cm. plate 45 x 44.5 cm.	NA	41.3	40.4	0	1668.52	1
NA	47	63	63 x 47 cm.	NA	63	47	0	2961	1
NA	51.3	69.2	plates n. 69.2 x 51.3 cm.	NA	69.2	51.3	0	3549.96	1
NA	52	70.4	70.4 x 52 cm. plate 74.5 x 55.3 cm.	NA	70.4	52	0	3660.8	1
NA	58.5	90	plate 90 x 58.5 cm.	1to	90	58.5	0	5265	1
NA	46.5	62.8	62.8 x 46.5 cm. plate 71 x 55 cm.	NA	62.8	46.5	0	2920.2	1
NA	46.7	62.8	62.8 x 46.7 cm. plate 66 x 49.5 cm.	NA	62.8	46.7	0	2932.76	1
NA	37.4	51.3	51.3 x 37.4 cm. plate 59 x 46 cm.	NA	51.3	37.4	0	1918.62	1
NA	24	62.5	24 x 62.5 cm. plate 35.5 x 73 cm.	2long	62.5	24	0	1500	1
NA	27	29	plate 27 x 29 cm.	NA	29	27	0	783	1
NA	27	31.2	31.2 x 27 cm. plate 36.3 x 30 cm.	NA	31.2	27	0	842.4	1
NA	19.7	32.6	32.6 x 19.7 cm. plate 36.6 x 22 cm.	2fo	32.6	19.7	0	642.22	1
NA	33.3	45.3	33.3 x 45.3 cm. plate 36.7 x 47 cm.	2fo	45.3	33.3	0	1508.49	1
NA	37.5	51.3	51.3 x 37.5 cm. plate 58.2 x 45.4 cm.	NA	51.3	37.5	0	1923.75	1
NA	29.3	42.2	42.2 x 29.3 cm. plate 48.2 x 34 cm.	2fo	42.2	29.3	0	1236.46	1
NA	44.1	53.3	53.3 x 44.1 cm. plate 59 x 48 cm.	NA	53.3	44.1	0	2350.53	1
NA	39.6	48	48 x 39.6 cm. plate 56.3 x 45.3 cm.	NA	48	39.6	0	1900.8	1
NA	18.3	24.7	24.7 x 18.3 cm. plate 28 x 20.7 cm.	4to	24.7	18.3	0	452.01	1
NA	50.5	55.2	55.2 x 50.5 cm. plate 58.8 x 54.5 cm.	NA	55.2	50.5	0	2787.6	1
NA	52.5	71.5	71.5 x 52.5 cm. plate 76 x 58 cm.	NA	71.5	52.5	0	3753.75	1
NA	44	44.2	44 x 44.2 cm. plate 49.8 x 58.8 cm.	NA	44.2	44	0	1944.8	1
NA	44.4	49.3	44.4 x 49.3 cm. plate 50 x 56 cm.	NA	49.3	44.4	0	2188.92	1
NA	43.5	49	43.5 x 49 cm. plate 46.7 x 53.8 cm.	NA	49	43.5	0	2131.5	1
NA	20.3	26.1	20.3 x 26.1 cm. plate 21.3 x 26.2 cm.	4to	26.1	20.3	0	529.83	1
NA	18.8	26.7	18.8 x 26.7 cm. plate 21.3 x 30 cm.	NA	26.7	18.8	0	501.96	1
NA	18.5	48.8	18.5 x 48.8 cm. plate 22.7 x 52.5 cm.	2fo	48.8	18.5	0	902.8	1
NA	42.5	44.5	42.5 x 44.5 cm.	NA	44.5	42.5	0	1891.25	1
NA	32.2	41.3	plate 32.2 x 41.3 cm. plate 34.5 x 43.5 cm.	2fo	41.3	32.2	0	1329.86	1
NA	29.6	37.6	29.6 x 37.6 cm. plate 34.8 x 46.5 cm.	2fo	37.6	29.6	0	1112.96	1
NA	70.5	72.5	72.5 x 70.5 cm. plate 77 x 74 cm.	1to	72.5	70.5	0	5111.25	1
NA	69	71.5	69 x 71.5 cm. plate 72 x 74 cm.	NA	71.5	69	0	4933.5	1
NA	45	49	45 x 49 cm. plate 48 x 59.5 cm.	NA	49	45	0	2205	1
NA	96.5	150	150 x 96.5 cm. 108.5 x 85.5 cm.	NA	150	96.5	0	14475	1
NA	8	18	18 x 8 cm.	18mo	18	8	0	144	1
NA	24.7	29	29 x 24.7 cm. folded 14.5 x 8.5 cm	4to	29	24.7	0	716.3	1
NA	38.2	78	38.2 x 78 cm. plate 50.5 x 90.3 cm.	1to	78	38.2	0	2979.6	1
NA	22.5	23.1	23.1 x 22.5 cm. plate 24.3 x 28.3 cm.	NA	23.1	22.5	0	519.75	1
NA	23.7	28.7	23.7 x 28.7 cm. plate 32 x 35 cm.	4to	28.7	23.7	0	680.19	1
NA	50	53	53 x 50 cm.	NA	53	50	0	2650	1
NA	41	56	41 x 56 cm. plate 48.5 x 64 cm.	2long	56	41	0	2296	1
NA	24	25.6	25.6 x 24 cm.	NA	25.6	24	0	614.4	1
NA	81	113	113 x 81 cm.	NA	113	81	0	9153	1
NA	69	90	69 x 90 cm.	1to	90	69	0	6210	1
NA	68.5	90	68.5 x 90 cm.	1to	90	68.5	0	6165	1
NA	44	59.8	59.8 x 44 cm. plate 69 x 51.2 cm.	2long	59.8	44	0	2631.2	1
NA	19.2	25.9	19.2 x 25.9 cm. plate 25.8 x 31.2 cm.	4to	25.9	19.2	0	497.28	1
NA	84	114	114 x 84 cm.	NA	114	84	0	9576	1
NA	32.7	41.5	41.5 x 32.7 cm. plate 44.8 x 36.3 cm.	2fo	41.5	32.7	0	1357.05	1
NA	36	44	36 x 44 cm.	2fo	44	36	0	1584	1
NA	38	48	38 x 48 cm.	2fo	48	38	0	1824	1
NA	36	46	36 x 46 cm.	2fo	46	36	0	1656	1
NA	37	47	37 x 47 cm.	2fo	47	37	0	1739	1
NA	60	77	77 x 60 cm.	1to	77	60	0	4620	1
NA	40.5	52.7	40.5 x 52.7 cm. plate 49 x 61 cm.	2long	52.7	40.5	0	2134.35	1
NA	57	68	n. 57 x 68 cm.	NA	68	57	0	3876	1
NA	35	44	35 x 44 cm.	2fo	44	35	0	1540	1
NA	51.5	69.5	51.5 x 69.5 cm. plate 62 x 77 cm.	NA	69.5	51.5	0	3579.25	1
NA	32.5	47	32.5 x 47 cm. kansi 16.5 x 12cm.	2fo	47	32.5	0	1527.5	1
NA	33	47	33 x 47 cm.	2fo	47	33	0	1551	1
NA	47.5	63	47.5 x 63 cm. plate 49 x 64 cm.	NA	63	47.5	0	2992.5	1
NA	41.5	52.5	41.5 x 52.5 cm. plate 49.5 x 61.5 cm.	2long	52.5	41.5	0	2178.75	1
NA	49.5	70.8	70.8 x 49.5 cm. plate 76.5 x 56.5 cm.	NA	70.8	49.5	0	3504.6	1
NA	54	74	plate 54 x 74 cm. kansi 19 x 13.5 cm.	1to	74	54	0	3996	1
NA	42.7	57.5	plate 42.7 x 57.5 cm. kansi 15.5 x 12.5 cm.	2long	57.5	42.7	0	2455.25	1
NA	24.2	31.7	24.2 x 31.7 cm. plate 26.5 x 34 cm.	NA	31.7	24.2	0	767.14	1
NA	26.7	37.3	26.7 x 37.3 cm. plate 32.5 x 43 cm.	2fo	37.3	26.7	0	995.91	1
NA	50.2	55	50.2 x 55 cm. plate 53 x 58 cm.	NA	55	50.2	0	2761	1
NA	41.7	52	52 x 41.7 cm. plate 53.5 x 43 cm.	2long	52	41.7	0	2168.4	1
NA	28	36.5	28 x 36.5 cm. plate 36.6 x 45.1 cm.	NA	36.5	28	0	1022	1
NA	9	17	9 x17 cm.	18mo	17	9	0	153	1
NA	29.7	40.7	40.7 x 29.7 cm. plate 48.8 x 38.7 cm.	2fo	40.7	29.7	0	1208.79	1
4long	NA	NA	4to(oblong)	4long	35	27	1	945	1
NA	28	36	36 x 28 cm.	4long	36	28	0	1008	1
2long	NA	NA	2to(oblong)	2long	53	30	1	1590	1
4long	NA	NA	4togrand papier.	4long	35	27	0	945	1
NA	61	78	61 x 78 cm.	1to	78	61	0	4758	1
NA	24.6	25	25 x 24.6 cm. plate 31.5 x 30.7 cm.	NA	25	24.6	0	615	1
NA	44	48	48 x 44 cm.	NA	48	44	0	2112	1
NA	45	52	45 x 52 cm.	NA	52	45	0	2340	1
NA	40	56	56 x 40 cm.	2long	56	40	0	2240	1
NA	24	36	36 x 24 cm.	2fo	36	24	0	864	1
NA	NA	43	43 cm.	2fo	43	28	0	1204	1
NA	97	123	123 x 97 cm.	NA	123	97	0	11931	1
NA	57	73	57 x 73 cm +	1to	73	57	0	4161	1
NA	62	86	62 x 86 cm.	1to	86	62	0	5332	1
NA	NA	96	30 cm. avattuna 30 x 96 cm +	1to	96	60	0	5760	1
NA	37	58	58 x 37 cm.	2long	58	37	0	2146	1
NA	60	85	60 x 85 cm. folded kansissa 31 x 30 cm.	1to	85	60	0	5100	1
NA	23	198	23 x 198 cm. folded 23 x 15 cm.	1to	198	23	0	4554	1
NA	43	60	60 x 43 cm.	2long	60	43	0	2580	1
NA	45	46	46 x 45 cm.	NA	46	45	0	2070	1
NA	30	43	43 x 30 cm.	2fo	43	30	0	1290	1
NA	33	48	33 x 48 cm.	2fo	48	33	0	1584	1
NA	33	41	33 x 41 cm.	2fo	41	33	0	1353	1
NA	47	64	64 x 47 cm.	NA	64	47	0	3008	1
NA	51	69	69 x 51 cm.	NA	69	51	0	3519	1
NA	80	104	104 x 80 cm.	NA	104	80	0	8320	1
NA	59	94	59 x 94 cm.	1to	94	59	0	5546	1
NA	23	32	32 x 23 cm.	NA	32	23	0	736	1
NA	22	33	22 x 33 cm.	2fo	33	22	0	726	1
NA	45	55	55 x 45 cm.	NA	55	45	0	2475	1
NA	62	63	62 x 63 cm.	NA	63	62	0	3906	1
NA	55	188	188 x 55 cm.	1to	188	55	0	10340	1
NA	41	68	41 x 68 cm.	2long	68	41	0	2788	1
NA	49	81	81 x 49 cm.	1to	81	49	0	3969	1
NA	83	120	83 x 120 cm.	NA	120	83	0	9960	1
NA	68	73	68 x 73 cm.	1to	73	68	0	4964	1
NA	19	35	19 x 35 cm.	2fo	35	19	0	665	1
NA	38	113	38 x 113 cm.	1to	113	38	0	4294	1
NA	84	92	92 x 84 cm.	NA	92	84	0	7728	1
NA	45	46	45 x 46 cm.	NA	46	45	0	2070	1
NA	37	47	47 x 37 cm.	2fo	47	37	0	1739	1
NA	25	38	38 x 25 cm.	2fo	38	25	0	950	1
NA	26	31	31 x 26 cm.	NA	31	26	0	806	1
NA	40	54	40 x 54 cm.	2long	54	40	0	2160	1
NA	62	64	64 x 62 cm.	NA	64	62	0	3968	1
NA	57	85	85 x 57 cm.	1to	85	57	0	4845	1
NA	41	48	41 x 48 cm.	NA	48	41	0	1968	1
NA	39	53	39 x 53 cm.	2long	53	39	0	2067	1
NA	34	39	39 x 34 cm.	NA	39	34	0	1326	1
NA	69	101	69 x 101 cm.	1to	101	69	0	6969	1
NA	29	36	29 x 36 cm.	4long	36	29	0	1044	1
NA	28	36	28 x 36 cm.	4long	36	28	0	1008	1
NA	60	84	84 x 60 cm.	1to	84	60	0	5040	1
NA	33	37	33 x 37 cm.	NA	37	33	0	1221	1
NA	31	40	31 x 40 cm.	2fo	40	31	0	1240	1
NA	27	33	27 x 33 cm.	NA	33	27	0	891	1
NA	27	32	27 x 32 cm.	NA	32	27	0	864	1
NA	23	32	23 x 32 cm.	NA	32	23	0	736	1
NA	27	34	27 x 34 cm.	4long	34	27	0	918	1
NA	33	40	33 x 40 cm.	2fo	40	33	0	1320	1
NA	42	47	42 x 47 cm.	NA	47	42	0	1974	1
NA	55	67	67 x 55 cm.	NA	67	55	0	3685	1
NA	75	107	75 x 107 cm.	1to	107	75	0	8025	1
NA	71	102	71 x 102 cm.	1to	102	71	0	7242	1
NA	66	100	66 x 100 cm.	1to	100	66	0	6600	1
NA	67	101	67 x 101 cm.	1to	101	67	0	6767	1
NA	71	107	71 x 107 cm.	1to	107	71	0	7597	1
NA	46	56	56 x 46 cm.	NA	56	46	0	2576	1
NA	146	203	203 x 146 cm. folded 69 x 97 cm.	NA	203	146	0	29638	1
NA	101	113	113 x 101 cm.	NA	113	101	0	11413	1
NA	54	68	68 x 54 cm.	NA	68	54	0	3672	1
NA	34	45	34 x 45 cm.	2fo	45	34	0	1530	1
NA	74	165	74 x 165 cm.	1to	165	74	0	12210	1
NA	38	46	38 x 46 cm.	2fo	46	38	0	1748	1
NA	54	76	54 x 76 cm.	1to	76	54	0	4104	1
NA	47	55	47 x 55 cm.	NA	55	47	0	2585	1
NA	52	67	52 x 67 cm.	NA	67	52	0	3484	1
NA	81	NA	81 x 81 cm.	NA	81	60	0	4860	1
NA	47	52	52 x 47 cm.	NA	52	47	0	2444	1
NA	48	54	48 x 54 cm.	NA	54	48	0	2592	1
NA	75	86	86 x 75 cm.	1to	86	75	0	6450	1
NA	58	93	58 x 93 cm.	1to	93	58	0	5394	1
NA	71	106	106 x 71 cm.	1to	106	71	0	7526	1
NA	30	33	33 x 30 cm.	NA	33	30	0	990	1
NA	32	33	33 x 32 cm.	NA	33	32	0	1056	1
NA	31	33	33 x 31 cm.	NA	33	31	0	1023	1
NA	46	61	46 x 61 cm.	NA	61	46	0	2806	1
NA	40.7	54.7	40.7 x 54.7 cm. plate 45 x 60 cm.	2long	54.7	40.7	0	2226.29	1
NA	40.3	53.9	40.3 x 53.9 cm. plate 45 x 60 cm.	2long	53.9	40.3	0	2172.17	1
NA	40.7	54.3	40.7 x 54.3 cm. plate 45 x 60 cm.	2long	54.3	40.7	0	2210.01	1
NA	40.6	54	40.6 x 54 cm. plate 45 x 60 cm.	2long	54	40.6	0	2192.4	1
NA	40.6	54.9	40.6 x 54.9 cm. plate 45 x 60 cm.	2long	54.9	40.6	0	2228.94	1
NA	40	53.5	40 x 53.5 cm. plate 45 x 60 cm.	2long	53.5	40	0	2140	1
NA	40.4	54.2	40.4 x 54.2 cm. plate 45 x 60 cm.	2long	54.2	40.4	0	2189.68	1
NA	40.4	54.7	40.4 x 54.7 cm. plate 45 x 60 cm.	2long	54.7	40.4	0	2209.88	1
NA	41	55.3	41 x 55.3 cm. plate 45 x 60 cm.	2long	55.3	41	0	2267.3	1
NA	41.2	55.6	41.2 x 55.6 cm. plate 45 x 60 cm.	2long	55.6	41.2	0	2290.72	1
NA	40.3	55.4	40.3 x 55.4 cm. plate 45 x 60 cm.	2long	55.4	40.3	0	2232.62	1
NA	40.8	54.4	40.8 x 54.4 cm. plate 45 x 60 cm.	2long	54.4	40.8	0	2219.52	1
NA	40.5	53.5	40.5 x 53.5 cm. plate 45 x 60 cm.	2long	53.5	40.5	0	2166.75	1
NA	40	55	40 x 55 cm. plate 45 x 60 cm.	2long	55	40	0	2200	1
NA	40.5	54.4	40.5 x 54.4 cm. plate 45 x 60 cm.	2long	54.4	40.5	0	2203.2	1
NA	41.2	55.4	41.2 x 55.4 cm. plate 45 x 60 cm.	2long	55.4	41.2	0	2282.48	1
NA	40.4	53.5	40.4 x 53.5 cm. plate 45 x 60 cm.	2long	53.5	40.4	0	2161.4	1
NA	41	54.5	41 x 54.5 cm. plate 45 x 60 cm.	2long	54.5	41	0	2234.5	1
NA	39.5	55.4	39.5 x 55.4 cm. plate 45 x 60 cm.	2long	55.4	39.5	0	2188.3	1
NA	41.3	55.4	41.3 x 55.4 cm. plate 45 x 60 cm.	2long	55.4	41.3	0	2288.02	1
NA	NA	8	8 cm.	NA	8	6	0	48	1
NA	NA	19	19 cm. +	NA	19	13	0	247	1
NA	63.3	96	96 x 63.3 cm. plate 103 x 71 cm.	1to	96	63.3	0	6076.8	1
NA	64.7	98.3	98.3 x 64.7 cm. plate 103.5 x 71 cm.	1to	98.3	64.7	0	6360.01	1
NA	64	95	95 x 64 cm. plate 103 x 70.5 cm.	1to	95	64	0	6080	1
NA	65	96	96 x 65 cm. plate 103.5 x 71 cm.	1to	96	65	0	6240	1
NA	63	94.7	63 x 94.7 cm. plate 71 x 103 cm.	1to	94.7	63	0	5966.1	1
NA	62.3	94.3	62.3 x 94.3 cm. plate 71 x 103.5 cm.	1to	94.3	62.3	0	5874.89	1
NA	63.7	96.7	96.7 x 63.7 cm. plate 103.5 x 71 cm.	1to	96.7	63.7	0	6159.79	1
NA	64	96.3	64 x 96.3 cm. plate 71 x 103.5 cm.	1to	96.3	64	0	6163.2	1
NA	63.7	96.5	63.7 x 96.5 cm. plate 71 x 103.5 cm.	1to	96.5	63.7	0	6147.05	1
NA	65.3	97.3	97.3 x 65.3 cm. plate 103.5 x 71 cm.	1to	97.3	65.3	0	6353.69	1
NA	64.3	96.5	96.5 x 64.3 cm. plate 103.5 x 71 cm.	1to	96.5	64.3	0	6204.95	1
NA	52.3	77	52.3 x 77 cm. plate 60.2 x 85 cm.	1to	77	52.3	0	4027.1	1
NA	71.5	77.7	77.7 x 71.5 cm. plate 84.5 x 77.5 cm.	1to	77.7	71.5	0	5555.55	1
NA	70	103	103 x 70 cm.	1to	103	70	0	7210	1
NA	70	91	70 x 91 cm.	1to	91	70	0	6370	1
NA	60.3	89.3	89.3 x 60.3 cm. plate 98 x 68 cm.	1to	89.3	60.3	0	5384.79	1
NA	55	78.7	78.7 x 55 cm. plate 82.5 x 62 cm.	1to	78.7	55	0	4328.5	1
NA	53.2	76.2	76.2 x 53.2 cm. plate 84 x 60 cm.	1to	76.2	53.2	0	4053.84	1
NA	66.3	91.5	91.5 x 66.3 cm. plate 94.5 x 68.5 cm.	1to	91.5	66.3	0	6066.45	1
NA	41.5	79	79 x 41.5 cm. plate 81.5 x 46.5 cm.	1to	79	41.5	0	3278.5	1
NA	69	99	69 x 99 cm.	1to	99	69	0	6831	1
NA	64	94	94 x 64 cm.	1to	94	64	0	6016	1
NA	73	105	105 x 73 cm.	1to	105	73	0	7665	1
NA	73	103	73 x 103 cm.	1to	103	73	0	7519	1
NA	70	102	70 x 102 cm.	1to	102	70	0	7140	1
8vo	NA	15	8to(15 cm)	8vo	15	11	0	165	1
4to	NA	19	4to(19 cm)	4to	19	16	0	304	1
NA	47.5	58.2	47.5 x 58.2 cm. plate 51.2 x 64.8 cm.	NA	58.2	47.5	0	2764.5	1
4to	21	26	4to(21 x 26 cm)	4to	26	21	0	546	1
NA	53.3	69.8	53.3 x 69.8 cm. plate 59 x 74 cm.	NA	69.8	53.3	0	3720.34	1
NA	30.1	35.2	35.2 x 30.1 cm. plate 42.5 x 35.3 cm.	4long	35.2	30.1	0	1059.52	1
NA	93	130	130 x 93 cm.	NA	130	93	0	12090	1
NA	72	118.2	118.2 x 72 cm. plate 124 x 76 cm.	1to	118.2	72	0	8510.4	1
NA	38.5	57.5	plates n. 57.5 x 38.5 cm.	2long	57.5	38.5	0	2213.75	1
NA	92	129	129 x 92 cm.	NA	129	92	0	11868	1
NA	50.3	89.7	50.3 x 89.7 cm. plate 53.3 x 97 cm.	1to	89.7	50.3	0	4511.91	1
NA	59	84	84 x 59 cm.	1to	84	59	0	4956	1
NA	44.6	61.2	61.2 x 44.6 cm. plate 68.8 x 51 cm.	NA	61.2	44.6	0	2729.52	1
NA	33.8	50.4	50.4 x 33.8 cm. plate 56 x 37.7 cm.	2fo	50.4	33.8	0	1703.52	1
NA	46	52	46 x 52 cm. plate 50.7 x 64.5 cm.	NA	52	46	0	2392	1
NA	34	50.4	50.4 x 34 cm. plate 58.3 x 40.5 cm.	2fo	50.4	34	0	1713.6	1
NA	42	54	54 x 42 cm. plate 60.5 cm x 48 cm.	2long	54	42	0	2268	1
NA	25	42.8	25 x 42.8 cm. plate 35.8 x 50.2 cm.	2fo	42.8	25	0	1070	1
NA	36.5	49	36.5 x 49 cm.	2fo	49	36.5	0	1788.5	1
NA	23.2	33.5	23.2 x 33.5 cm. plate 25.5 x 35.7 cm.	2fo	33.5	23.2	0	777.2	1
NA	54.3	66	66 x 54.3 cm. plate 73.7 x 62 cm.	NA	66	54.3	0	3583.8	1
NA	54.5	66.3	66.3 x 54.5 cm. plate 73.7 x 62 cm.	NA	66.3	54.5	0	3613.35	1
NA	23	33.5	23 x 33.5 cm.	2fo	33.5	23	0	770.5	1
NA	28	35.3	35.3 x 28 cm. plate 43.2 x 32.8 cm.	4long	35.3	28	0	988.4	1
NA	18.5	26	26 x 18.5 cm. plate 31.7 x 23 cm.	NA	26	18.5	0	481	1
NA	47.2	69.8	69.8 x 47.2 cm.	NA	69.8	47.2	0	3294.56	1
NA	31.3	75.8	75.8 x 31.3 cm. plate 83.5 x 36.5 cm.	1to	75.8	31.3	0	2372.54	1
NA	45.7	58.3	58.3 x 45.7 cm. plate 67.3 x 54 cm.	NA	58.3	45.7	0	2664.31	1
NA	40.2	41.4	40.2 x 41.4 cm. plate 46.2 x 48.3 cm.	NA	41.4	40.2	0	1664.28	1
NA	40.2	41.4	40.2 x 41.4 cm. plate 46.2 x 48.6 cm.	NA	41.4	40.2	0	1664.28	1
NA	18.3	25.8	25.8 x 18.3 cm. plate 35.6 x 25.3 cm.	NA	25.8	18.3	0	472.14	1
NA	17	25.5	25.5 x 17 cm. plate 29.5 x 23 cm.	NA	25.5	17	0	433.5	1
NA	17	25.5	25.5 x 17 cm. plate 29.5 x 22.8 cm.	NA	25.5	17	0	433.5	1
NA	17	25.5	25.5 x 17 cm. plate 29.4 x 22.7 cm.	NA	25.5	17	0	433.5	1
NA	17	25.7	25.7 x 17 cm. plate 29.3 x 22.8 cm.	NA	25.7	17	0	436.9	1
NA	32	48.2	48.2 x 32 cm. plate 58.2 x 40.7 cm.	2fo	48.2	32	0	1542.4	1
NA	47.5	69.5	69.5 x 47.5 cm.	NA	69.5	47.5	0	3301.25	1
NA	32	48.2	48.2 x 32 cm. plate 49.5 x 34.3 cm.	2fo	48.2	32	0	1542.4	1
NA	32	48.2	48.2 x 32 cm. plate 50.7 x 34 cm.	2fo	48.2	32	0	1542.4	1
NA	32	48.2	48.2 x 32 cm. plate 58 x 40.8 cm.	2fo	48.2	32	0	1542.4	1
NA	32	48	48 x 32 cm. plate 54.2 x 38 cm.	2fo	48	32	0	1536	1
NA	47	69.2	69.2 x 47 cm. plate 79.5 x 55 cm.	NA	69.2	47	0	3252.4	1
NA	47	69.2	69.2 x 47 cm. plate 79.5 x 54.5 cm.	NA	69.2	47	0	3252.4	1
NA	66.7	93	93 x 66.7 cm. plate 101.5 x 73.5 cm.	1to	93	66.7	0	6203.1	1
NA	13.6	18.5	18.5 x 13.6 cm. plate 23 x 18.3 cm.	16long	18.5	13.6	0	251.6	1
NA	25.4	30.5	30.5 x 25.4 cm.	NA	30.5	25.4	0	774.7	1
NA	50.5	71.3	50.5 x 71.3 cm.	NA	71.3	50.5	0	3600.65	1
NA	36.5	49.9	49.9 x 36.5 cm. plate 65.5 x 50.5 cm.	2fo	49.9	36.5	0	1821.35	1
NA	52	66.7	66.7 x 52 cm. plate 72.7 x 58.2 cm.	NA	66.7	52	0	3468.4	1
NA	31	43	43 x 31 cm. plate 50.3 x 38.5 cm.	2fo	43	31	0	1333	1
NA	57.4	60	60 x 57.4 cm. plate 62.5 x 59.7 cm.	NA	60	57.4	0	3444	1
NA	32.3	35.3	32.3 x 35.3 cm. plate 35.5 x 38.5 cm.	NA	35.3	32.3	0	1140.19	1
NA	30	39.8	30 x 39.8 cm. plate 34.7 x 44.4 cm.	2fo	39.8	30	0	1194	1
2fo	NA	NA	poikittais-fol.	2fo	45	30	1	1350	1
NA	32.5	42.5	32.5 x 42.5 cm. plate 37 x 45.7 cm.	2fo	42.5	32.5	0	1381.25	1
NA	32.5	42.5	32.5 x 42.5 cm. plate 37.2 x 45.8 cm.	2fo	42.5	32.5	0	1381.25	1
NA	32.3	42.4	42.4 x 32.3 cm. plate 45.7 x 36.5 cm.	2fo	42.4	32.3	0	1369.52	1
NA	37.8	39.5	39.5 x 37.8 cm. plate 44 x 40.7 cm.	NA	39.5	37.8	0	1493.1	1
NA	37.8	39.5	39.5 x 37.8 cm. plate 44 x 41 cm.	NA	39.5	37.8	0	1493.1	1
NA	32.2	42	42 x 32.2 cm. plate 45 x 35 cm.	2fo	42	32.2	0	1352.4	1
NA	32.3	42.2	42.2 x 32.3 cm. plate 45.9 x 36.7 cm.	2fo	42.2	32.3	0	1363.06	1
NA	41.5	46.7	46.7 x 41.5 cm. plate 51.4 x 44 cm.	NA	46.7	41.5	0	1938.05	1
NA	32.3	42.2	42.2 x 32.3 cm. plate 45.5 x 35.3 cm.	2fo	42.2	32.3	0	1363.06	1
NA	33.2	40.3	40.3 x 33.2 cm. plate 48.7 x 40.3 cm.	NA	40.3	33.2	0	1337.96	1
NA	39.5	123.5	39.5 x 123.5 cm. plate 44 x 126.5 cm.	1to	123.5	39.5	0	4878.25	1
NA	38.2	105.3	38.2 x 105.3 cm. plate 41 x 108 cm.	1to	105.3	38.2	0	4022.46	1
NA	38.2	107.5	38.2 x 107.5 cm. plate 41 x 109.5 cm.	1to	107.5	38.2	0	4106.5	1
NA	26.2	36	36 x 26.2 cm. plate 43 x 34.2 cm.	4long	36	26.2	0	943.2	1
NA	20.3	37.5	20.3 x 37.5 cm. plate 24.5 x 44 cm.	2fo	37.5	20.3	0	761.25	1
NA	17.5	24.5	17.5 x 24.5 cm. plate 22.5 x 32.5 cm.	NA	24.5	17.5	0	428.75	1
NA	38.5	53	38.5 x 53 cm. plate 42 x 55 cm.	2long	53	38.5	0	2040.5	1
NA	NA	NA	18-19 cm.	NA	NA	NA	0	NA	1
NA	24.8	32.3	24.8 x 32.3 cm.	NA	32.3	24.8	0	801.04	1
NA	19	24	24 x 19 cm.	4to	24	19	0	456	1
NA	30	37.5	30 x 37.5 cm. plate 37 x 45 cm.	2fo	37.5	30	0	1125	1
NA	29.8	39.4	39.4 x 29.8 cm. plate 46 x 37 cm.	2fo	39.4	29.8	0	1174.12	1
NA	33.5	38	38 x 33.5 cm. plate 42 x 37 cm.	NA	38	33.5	0	1273	1
NA	32	33.6	32 x 33.6 cm. plate 37 x 35 cm.	NA	33.6	32	0	1075.2	1
NA	54.6	66.3	66.3 x 54.6 cm. plate 73 x 61 cm.	NA	66.3	54.6	0	3619.98	1
NA	54.5	66.2	66.2 x 54.5 cm. plate 72 x 60 cm.	NA	66.2	54.5	0	3607.9	1
NA	68.4	100.8	100.8 x 68.4 cm. plate 108 x 76 cm.	1to	100.8	68.4	0	6894.72	1
NA	68	101	101 x 68 cm. plate 112 x 74 cm.	1to	101	68	0	6868	1
NA	40.4	41.3	40.4 x 41.3 cm. plate 49 x 50 cm.	NA	41.3	40.4	0	1668.52	1
NA	16.6	23.4	16.6 x 23.4 cm. plate 21 x 29 cm.	2small	23.4	16.6	0	388.44	1
NA	24.2	26.8	26.8 x 24.2 cm. plate 35 x 29 cm.	NA	26.8	24.2	0	648.56	1
NA	37.9	42.6	37.9 x 42.6 cm. plate 41 x 45 cm.	NA	42.6	37.9	0	1614.54	1
NA	37.7	42.9	37.7 x 42.9 cm. plate 41 x 46 cm.	NA	42.9	37.7	0	1617.33	1
NA	37.8	42.9	37.8 x 42.9 cm. plate 41 x 46 cm.	NA	42.9	37.8	0	1621.62	1
NA	37.8	42.1	37.8 x 42.1 cm. plate 41 x 45 cm.	NA	42.1	37.8	0	1591.38	1
NA	40.3	56.8	40.3 x 56.8 cm. plate 71.5 x 53 cm.	2long	56.8	40.3	0	2289.04	1
NA	37.9	42.7	37.9 x 42.7 cm. plate 43 x 54 cm.	NA	42.7	37.9	0	1618.33	1
NA	37.9	42.4	37.9 x 42.4 cm. plate 44 x 50 cm.	NA	42.4	37.9	0	1606.96	1
NA	37.6	42.9	37.6 x 42.9 cm. plate 44 x 50 cm.	NA	42.9	37.6	0	1613.04	1
NA	37.5	42.9	37.5 x 42.9 cm. plate 44 x 50 cm.	NA	42.9	37.5	0	1608.75	1
NA	37.8	42.1	37.8 x 42.1 cm. plate 43 x 55 cm.	NA	42.1	37.8	0	1591.38	1
NA	37.9	42.6	37.9 x 42.6 cm. plate 43 x 54 cm.	NA	42.6	37.9	0	1614.54	1
NA	37.9	42.7	37.9 x 42.7 cm. plate 43 x 55 cm.	NA	42.7	37.9	0	1618.33	1
NA	37.8	42.5	37.8 x 42.5 cm. plate 43 x 54 cm.	NA	42.5	37.8	0	1606.5	1
NA	37.8	42.6	37.8 x 42.6 cm. plate 43 x 54 cm.	NA	42.6	37.8	0	1610.28	1
NA	37.9	42.5	37.9 x 42.5 cm. plate 43 x 54 cm.	NA	42.5	37.9	0	1610.75	1
NA	37.7	42.9	37.7 x 42.9 cm. plate 44 x 50 cm.	NA	42.9	37.7	0	1617.33	1
NA	37.5	42.8	37.5 x 42.8 cm. plate 45 x 49 cm.	NA	42.8	37.5	0	1605	1
NA	37.7	42.9	37.7 x 42.9 cm. plate 43 x 49 cm.	NA	42.9	37.7	0	1617.33	1
NA	37.4	42.8	37.4 x 42.8 cm. plate 43 x 49 cm.	NA	42.8	37.4	0	1600.72	1
NA	37.5	42.7	37.5 x 42.7 cm. plate 44 x 49 cm.	NA	42.7	37.5	0	1601.25	1
NA	37.6	42.8	37.6 x 42.8 cm. plate 43 x 50 cm.	NA	42.8	37.6	0	1609.28	1
NA	37.8	42.7	37.8 x 42.7 cm. plate 43 x 50 cm.	NA	42.7	37.8	0	1614.06	1
NA	37.8	42.8	37.8 x 42.8 cm. plate 45 x 50 cm.	NA	42.8	37.8	0	1617.84	1
NA	37.8	42.8	37.8 x 42.8 cm. plate 42 x 49 cm.	NA	42.8	37.8	0	1617.84	1
NA	37.7	42.8	37.7 x 42.8 cm. plate 43 x 49 cm.	NA	42.8	37.7	0	1613.56	1
NA	37.6	42.8	37.6 x 42.8 cm. plate 43 x 49 cm.	NA	42.8	37.6	0	1609.28	1
NA	37.1	42.6	37.1 x 42.6 cm. plate 44 x 49 cm.	NA	42.6	37.1	0	1580.46	1
NA	37.7	42.5	37.7 x 42.5 cm. plate 43 x 49 cm.	NA	42.5	37.7	0	1602.25	1
NA	37.7	42.7	37.7 x 42.7 cm. plate 43 x 49 cm.	NA	42.7	37.7	0	1609.79	1
NA	37.7	42.7	37.7 x 42.7 cm. plate 44 x 50 cm.	NA	42.7	37.7	0	1609.79	1
NA	37.5	42.8	37.5 x 42.8 cm. plate 43 x 48 cm.	NA	42.8	37.5	0	1605	1
NA	37.8	42.8	37.8 x 42.8 cm. plate 43 x 49 cm.	NA	42.8	37.8	0	1617.84	1
NA	37.8	42.8	37.8 x 42.8 cm. plate 44 x 49 cm.	NA	42.8	37.8	0	1617.84	1
NA	37.3	42.7	37.3 x 42.7 cm. plate 42 x 48 cm.	NA	42.7	37.3	0	1592.71	1
NA	37.5	42.7	37.5 x 42.7 cm. plate 43 x 48 cm.	NA	42.7	37.5	0	1601.25	1
NA	37.5	42.7	37.5 x 42.7 cm. plate 43 x 49 cm.	NA	42.7	37.5	0	1601.25	1
NA	37.6	42.7	37.6 x 42.7 cm. plate 45 x 50 cm.	NA	42.7	37.6	0	1605.52	1
NA	37.6	42.7	37.6 x 42.7 cm. plate 41 x 46 cm.	NA	42.7	37.6	0	1605.52	1
NA	37.5	42.7	37.5 x 42.7 cm. plate 40 x 45 cm.	NA	42.7	37.5	0	1601.25	1
NA	NA	NA	25-33 cm.	NA	NA	NA	0	NA	1
NA	37.8	43	37.8 x 43 cm. plate 43 x 48.3 cm.	NA	43	37.8	0	1625.4	1
NA	48	56	kotelo 48 x 56 cm.	NA	56	48	0	2688	1
NA	NA	NA	38-40 cm.	NA	NA	NA	0	NA	1
NA	16	26	16 x 26 cm.	8vo	26	16	0	416	1
NA	16	26	26 x 16 cm.	8vo	26	16	0	416	1
NA	NA	NA	28-34 cm.	NA	NA	NA	0	NA	1
NA	NA	NA	24-30 cm.	NA	NA	NA	0	NA	1
NA	NA	NA	31-35 cm.	NA	NA	NA	0	NA	1
84to	NA	NA	84to	84to	NA	NA	0	NA	1
NA	26.5	31.4	26.5 x 31.4 cm. plate 47.5 x 34 cm.	NA	31.4	26.5	0	832.1	1
NA	26.2	32.2	26.2 x 32.2 cm. plate 30.8 x 38.2 cm.	NA	32.2	26.2	0	843.64	1
NA	44.5	53.1	53.1 x 44.5 cm. plate 63 x 51.5 cm.	NA	53.1	44.5	0	2362.95	1
NA	NA	9	9 cm.	NA	9	6	0	54	1
NA	29.5	46	29.5 x 46 cm.	2fo	46	29.5	0	1357	1
NA	31	34	31 x 34 cm.	NA	34	31	0	1054	1
4to	NA	NA	kuv. ;;4to	4to	28	22	0	616	1
NA	23	31.3	23 x 31.3 cm. plate 25 x 33.6 cm.	NA	31.3	23	0	719.9	1
NA	26.5	33.5	26.5 x 33.5 cm. plate 30.3 x 35.8 cm.	NA	33.5	26.5	0	887.75	1
8vo	NA	NA	8.0.	8vo	19	13	0	247	1
NA	36	48	48 x 36 cm.	2fo	48	36	0	1728	1
NA	27	36	27 x 36 cm.	4long	36	27	0	972	1
NA	24	34	34 x 24 cm.	2fo	34	24	0	816	1
NA	30	37	30 x 37 cm.	2fo	37	30	0	1110	1
NA	28	39	28 x 39 cm.	2fo	39	28	0	1092	1
16long	NA	NA	16to+	16long	18	14	0	252	1
NA	34	42	34 x 42 cm.	2fo	42	34	0	1428	1
NA	NA	66	66 cm.	2long	66	34	0	2244	1
NA	24	34	24 x 34 cm.	2fo	34	24	0	816	1
4to	NA	NA	4o.	4to	28	22	0	616	1
NA	NA	45	45 cm.	2fo	45	29	0	1305	1
NA	23	26	23 x 26 cm.	4to	26	23	0	598	1
4to	NA	NA	poikittais 4to	4to	28	22	0	616	1
NA	NA	NA	cm.	NA	NA	NA	0	NA	1
NA	44.5	59.5	59.5 x 44.5 cm.	2long	59.5	44.5	0	2647.75	1
NA	16.8	21	21 x 16.8 cm. plate 22 x 17.6 cm.	4to	21	16.8	0	352.8	1
NA	33	41.5	41.5 x 33 cm. plate 45.8 x 37 cm.	2fo	41.5	33	0	1369.5	1
NA	45	63	63 x 45 cm.	NA	63	45	0	2835	1
NA	63	76	76 x 63 cm.	1to	76	63	0	4788	1
NA	76	106	106 x 76 cm. plate 113 x 81 cm.	NA	106	76	0	8056	1
NA	75.5	106	106 x 75.5 cm. plate 112 x 78 cm.	NA	106	75.5	0	8003	1
NA	43.5	55	43.5 x 55 cm.	2long	55	43.5	0	2392.5	1
NA	40	45	40 x 45 cm.	NA	45	40	0	1800	1
NA	NA	NA	1907.	NA	NA	NA	0	NA	1
NA	41.5	46.7	46.7 x 41.5 cm. plate 51.3 x 43.5 cm.	NA	46.7	41.5	0	1938.05	1
NA	37.3	38.5	38.5 x 37.3 cm. plate 44 x 39.3 cm.	NA	38.5	37.3	0	1436.05	1
NA	49	62.2	49 x 62.2 cm.	NA	62.2	49	0	3047.8	1
NA	17.3	22.9	17.3 x 22.9 cm. plate 22.2 x 26 cm.	4to	22.9	17.3	0	396.17	1
NA	28.3	33.3	28.3 x 33.3 cm. plate 33 x 36.5 cm.	NA	33.3	28.3	0	942.39	1
NA	53.5	69.5	69.5 x 53.5 cm.	NA	69.5	53.5	0	3718.25	1
NA	43.4	55.3	55.3 x 43.4 cm. plate 68 x 50.5 cm.	2long	55.3	43.4	0	2400.02	1
NA	29	34	29 x 34 cm.	4long	34	29	0	986	1
NA	50.5	66.4	50.5 x 66.4 cm. plate 56.2 x 70.7 cm.	NA	66.4	50.5	0	3353.2	1
NA	63	93	93 x 63 cm.	1to	93	63	0	5859	1
NA	NA	NA	1912.	NA	NA	NA	0	NA	1
NA	NA	NA	1915.	NA	NA	NA	0	NA	1
NA	64	91	91 x 64 cm.	1to	91	64	0	5824	1
NA	64	73	73 x 64 cm.	1to	73	64	0	4672	1
NA	64	70	70 x 64 cm.	NA	70	64	0	4480	1
NA	65	68	68 x 65 cm.	NA	68	65	0	4420	1
NA	62	69	69 x 62 cm.	NA	69	62	0	4278	1
NA	74	80	74 x 80 cm.	1to	80	74	0	5920	1
NA	58	69	69 x 58 cm.	NA	69	58	0	4002	1
NA	22	29	29 x 22 cm.	4to	29	22	0	638	1
NA	33	58.5	33 x 58.5 cm.	2long	58.5	33	0	1930.5	1
NA	60.5	86.2	60.5 x 86.2 cm. plate 67 x 92 cm.	1to	86.2	60.5	0	5215.1	1
NA	24.9	36.9	24.9 x 36.9 cm. 36.9 x 25 cm. plate 45 x 63 cm.	2fo	36.9	24.9	0	918.81	1
NA	41.8	48.2	41.8 x 48.2 cm.	NA	48.2	41.8	0	2014.76	1
NA	54.5	68.5	54.5 x 68.5 cm. plate 63.3 x 75.8 cm.	NA	68.5	54.5	0	3733.25	1
NA	73.8	92.8	73.8 x 92.8 cm.	1to	92.8	73.8	0	6848.64	1
NA	63.8	106.9	63.8 x 106.9 cm. plate 71.7 x 112.7 cm.	1to	106.9	63.8	0	6820.22	1
NA	25	32	25 x 32 cm.	NA	32	25	0	800	1
NA	32.9	43.3	32.9 x 43.3 cm. plate 39.5 x 51.5 cm.	2fo	43.3	32.9	0	1424.57	1
NA	35.3	42.3	35.3 x 42.3 cm. plate 40.2 x 50.6 cm.	NA	42.3	35.3	0	1493.19	1
NA	50.6	71	50.6 x 71 cm. plate 59.5 x 80 cm.	NA	71	50.6	0	3592.6	1
NA	50.8	71.3	50.8 x 71.3 cm. plate 59.6 x 79.6 cm.	NA	71.3	50.8	0	3622.04	1
NA	51	71.5	51 x 71.5 cm. plate 59.5 x 80 cm.	NA	71.5	51	0	3646.5	1
NA	50.9	71.4	50.9 x 71.4 cm. plate 59.5 x 80 cm.	NA	71.4	50.9	0	3634.26	1
NA	47.1	62.7	47.1 x 62.7 cm. plate 54.8 x 72.8 cm.	NA	62.7	47.1	0	2953.17	1
NA	50.5	71.2	50.5 x 71.2 cm. plate 59.7 x 79.5 cm.	NA	71.2	50.5	0	3595.6	1
NA	50.8	71	50.8 x 71 cm. plate 59.7 x 79.7 cm.	NA	71	50.8	0	3606.8	1
NA	50.8	71	50.8 x 71 cm. plate 59.5 x 80 cm.	NA	71	50.8	0	3606.8	1
NA	50.5	71.4	50.5 x 71.4 cm. plate 59.7 x 79.8 cm.	NA	71.4	50.5	0	3605.7	1
NA	47	68	47 x 68 cm. folded 25 x 15 cm.	NA	68	47	0	3196	1
NA	32.5	57.5	32.5 x 57.5 cm.	2long	57.5	32.5	0	1868.75	1
NA	10.7	17.2	17.2 x 10.7 cm. plate 23 x 16 cm.	18mo	17.2	10.7	0	184.04	1
NA	42	52.5	42 x 52.5 cm. plate 46 x 57 cm.	2long	52.5	42	0	2205	1
NA	49	62.5	49 x 62.5 cm.	NA	62.5	49	0	3062.5	1
NA	36	58.5	36 x 58.5 cm.	2long	58.5	36	0	2106	1
NA	10.6	16.7	16.7 x 10.6 cm. plate 23 x 16 cm.	18mo	16.7	10.6	0	177.02	1
NA	52.5	75.5	52.5 x 75.5 cm.	1to	75.5	52.5	0	3963.75	1
NA	NA	25	25 cm +	4to	25	19	0	475	1
NA	68	75	68 x 75 cm.	1to	75	68	0	5100	1
NA	65	101.5	65 x 101.5 cm.	1to	101.5	65	0	6597.5	1
NA	NA	NA	12to(=8to	NA	NA	NA	0	NA	1
NA	28.5	44	44 x 28.5 cm.	2fo	44	28.5	0	1254	1
NA	66	78	66 x 78 cm.	1to	78	66	0	5148	1
8long	NA	NA	kuv. ;;8to+	8long	22	13	0	286	1
NA	NA	51	51 cm.	NA	51	32	0	1632	1
8vo	NA	NA	större 8to	8vo	19	13	0	247	1
12mo	NA	NA	liten 12to	12mo	19	12.5	0	237.5	1
4to	NA	NA	aflång 4to	4to	28	22	0	616	1
NA	NA	NA	21to	NA	NA	NA	0	NA	1
NA	64.5	72	64.5 x 72 cm. plate 69 x 75 cm.	NA	72	64.5	0	4644	1
NA	17	30	30 x 17 cm. plate 34 x 26 cm.	NA	30	17	0	510	1
NA	19	37.3	37.3 x 19 cm. plate 47 x 25 cm.	2fo	37.3	19	0	708.7	1
NA	66	76	plate 66 x 76 cm.	1to	76	66	0	5016	1
NA	68.2	96.5	68.2 x 96.5 cm. 69.2 x 96.5 cm. plate 76 x 102 cm.	1to	96.5	68.2	0	6581.3	1
NA	57.5	97.6	57.5 x 97.6 cm. 53.5 x 97.6 cm. plate 76 x 107 cm.	1to	97.6	57.5	0	5612	1
NA	68.4	93	68.4 x 93 cm. 67 x 93 cm. plate 76 x 101 cm.	1to	93	68.4	0	6361.2	1
NA	52	94.5	52 x 94.5 cm. 48.6 x 94.7 cm. plate 64 x 103 cm.	1to	94.5	52	0	4914	1
NA	68.5	88.7	88.7 x 68.5 cm. plate 103 x 76 cm.	1to	88.7	68.5	0	6075.95	1
NA	55	79.5	55 x 79.5 cm. plate 64 x 99 cm.	1to	79.5	55	0	4372.5	1
NA	73.4	85.7	73.4 x 85.7 cm. plate 82 x 94 cm.	1to	85.7	73.4	0	6290.38	1
NA	67.5	96.5	67.5 x 96.5 cm. plate 78 x 104 cm.	1to	96.5	67.5	0	6513.75	1
NA	35	45	35 x 45 cm.	2fo	45	35	0	1575	1
NA	76.5	99.5	76.5 x 99.5 cm. plate 88 x 110 cm.	NA	99.5	76.5	0	7611.75	1
NA	NA	NA	1869.	NA	NA	NA	0	NA	1
8vo	NA	NA	(isompi) 8to	8vo	19	13	0	247	1
NA	NA	24	24 cm.r.	4to	24	19	0	456	1
12mo	NA	NA	12.	12mo	19	12.5	0	237.5	1
8long	NA	NA	8:0 +	8long	22	13	0	286	1
12mo	NA	NA	pitkä. 12to	12mo	19	12.5	0	237.5	1
NA	16.9	28	n. 28 x 16.9 cm. plate 29 x 22 cm.	NA	28	16.9	0	473.2	1
NA	17.6	20.4	20.4 x 17.6 cm. plate 26 x 23 cm.	4to	20.4	17.6	0	359.04	1
NA	12.5	19	19 x 12.5 cm.	12mo	19	12.5	0	237.5	1
NA	61.3	69	69 x 61.3 cm. plate 79 x 69 cm.	NA	69	61.3	0	4229.7	1
NA	54	87.6	87.6 x 54 cm. plate 93 x 60 cm.	1to	87.6	54	0	4730.4	1
NA	65	76.6	76.6 x 65 cm. plate 83 x 73 cm.	1to	76.6	65	0	4979	1
NA	76.3	105.4	105.4 x 76.3 cm. plate 114 x 85 cm.	NA	105.4	76.3	0	8042.02	1
NA	63.3	91.5	91.5 x 63.3 (67) cm. plate 106 x 71 cm.	1to	91.5	63.3	0	5791.95	1
NA	64	84.8	64 x 84.8 cm. plate 69 x 99 cm.	1to	84.8	64	0	5427.2	1
NA	67.2	92.8	67.2 x 92.8 cm. plate 72 x 105 cm.	1to	92.8	67.2	0	6236.16	1
NA	61.7	93.9	61.7 x 93.9 cm. plate 68 x 100 cm.	1to	93.9	61.7	0	5793.63	1
NA	65.5	78	78 x 65.5 cm. plate 91 x 74 cm.	1to	78	65.5	0	5109	1
NA	32	43.8	32 x 43.8 cm. plate 38 x 50 cm.	2fo	43.8	32	0	1401.6	1
8long	NA	NA	8to(small)	8long	22	13	0	286	1
8vo	NA	NA	8to(suurempi)	8vo	19	13	0	247	1
NA	42	60.7	60.7 x 42 cm. plate 68 x 50 cm.	2long	60.7	42	0	2549.4	1
NA	22.1	35.5	35.5 x 22.1 cm. plate 39 x 25 cm.	2fo	35.5	22.1	0	784.55	1
NA	31.1	64.7	64.7 x 31.1 cm. plate 68 x 34 cm.	2long	64.7	31.1	0	2012.17	1
NA	36	47.8	47.8 x 36 cm. plate 55 x 42 cm.	2fo	47.8	36	0	1720.8	1
NA	19	27.2	19 x 27.2 cm. plate 23 x 35 cm.	NA	27.2	19	0	516.8	1
NA	36.4	50.7	50.7 x 36.4 cm. plate 52 x 38 cm.	NA	50.7	36.4	0	1845.48	1
NA	38.4	82.5	47 (44.6. 38.4) x 82.5 cm. plate 51 x 86 cm.	1to	82.5	38.4	0	3168	1
NA	36.4	42.8	42.8 x 36.4 cm. plate 44 x 38 cm.	NA	42.8	36.4	0	1557.92	1
NA	50	80	n. 50 x n. 80 cm. plate 72 x 88 cm.	1to	80	50	0	4000	1
NA	59.2	81	81 x 59.2 cm. plate 86 x 64 cm.	1to	81	59.2	0	4795.2	1
NA	NA	NA	17-25 cm.	NA	NA	NA	0	NA	1
NA	NA	16	16 cm +	NA	16	11	0	176	1
NA	NA	46	46 cm.	2fo	46	30	0	1380	1
NA	NA	52	52 cm.	2long	52	33	0	1716	1
NA	NA	NA	34-40 cm.	NA	NA	NA	0	NA	1
NA	NA	NA	16-19 cm.	NA	NA	NA	0	NA	1
NA	NA	NA	13-18 cm.	NA	NA	NA	0	NA	1
NA	NA	NA	20-22 cm.	NA	NA	NA	0	NA	1
NA	21.5	25.5	21.5 x 25.5 cm. plate 26 x 30 cm.	4to	25.5	21.5	0	548.25	1
NA	NA	NA	108 s.. 4 kuvaplate	NA	NA	NA	0	NA	1
20to	NA	NA	20.	20to	NA	NA	0	NA	1
NA	NA	NA	28	NA	NA	NA	0	NA	1
4to	NA	NA	liten 4to	4to	28	22	0	616	1
NA	NA	26	26 cm	4to	26	20	0	520	1
8vo	NA	NA	tvär stor 8to	8vo	19	13	0	247	1
NA	NA	NA	26-30 cm.	NA	NA	NA	0	NA	1
NA	NA	NA	17-19 cm.	NA	NA	NA	0	NA	1
12mo	NA	NA	stor 12to	12mo	19	12.5	0	237.5	1
4to	NA	23	4to(23 cm)	4to	23	18	0	414	1
8vo	NA	NA	lit. 8to	8vo	19	13	0	247	1
16mo	NA	NA	stor 16to	16mo	15	12	0	180	1
NA	NA	NA	22-28 cm.	NA	NA	NA	0	NA	1
NA	NA	NA	24-31 cm.	NA	NA	NA	0	NA	1
NA	NA	NA	26-33 cm.	NA	NA	NA	0	NA	1
NA	NA	NA	1896.	NA	NA	NA	0	NA	1
8vo	NA	NA	lång 8to	8vo	19	13	0	247	1
NA	NA	26	26 cm. +	4to	26	20	0	520	1
2long	NA	NA	fol. +	2long	53	30	0	1590	1
NA	NA	NA	28-32 cm.	NA	NA	NA	0	NA	1
8vo	NA	NA	miniatyr 8to	8vo	19	13	0	247	1
NA	NA	27	27 cm +	NA	27	20	0	540	1
NA	NA	NA	2 liitekuvaa.	NA	NA	NA	0	NA	1
8long	NA	25	8to(25 cm) +	8long	25	14	0	350	1
8vo	NA	25	8to(25 cm)	8vo	25	16	0	400	1
NA	NA	NA	4 to	NA	NA	NA	0	NA	1
NA	NA	26	26 cm +	4to	26	20	0	520	1
NA	NA	NA	28-37 cm.	NA	NA	NA	0	NA	1
NA	67	92	67 x 92 cm.	1to	92	67	0	6164	1
NA	NA	NA	15-17 cm.	NA	NA	NA	0	NA	1
NA	NA	NA	20-27 cm.	NA	NA	NA	0	NA	1
NA	NA	NA	22-24 cm.	NA	NA	NA	0	NA	1
NA	15	24	15 x 24 cm.	8vo	24	15	0	360	1
NA	NA	NA	29-37 cm.	NA	NA	NA	0	NA	1
NA	NA	NA	38-39 cm.	NA	NA	NA	0	NA	1
NA	44.7	60.5	44.7 x 60.5 cm. plate 56 x 66.5 cm.	NA	60.5	44.7	0	2704.35	1
NA	52	61.5	plates 52 x 61.5 cm. 51 x 61.5 cm.	NA	61.5	52	0	3198	1
NA	44.7	60.5	44.7 x 60.5 cm. plate 54 x 66 cm.	NA	60.5	44.7	0	2704.35	1
NA	58.5	98.5	58.5 x 98.5 cm.	1to	98.5	58.5	0	5762.25	1
NA	20	26.8	20 x 26.8 cm. plate 22.3 x 33.3 cm.	NA	26.8	20	0	536	1
1to	23.3	26	sheet 23.3 x 26 cm. plate 41 x 56.5 cm.	1to	26	23.3	0	605.8	1
NA	51	63	plate n. 63 x 51 cm.	NA	63	51	0	3213	1
NA	60	101	60 x 101 cm. plate 63.5 x 103.5cm.	1to	101	60	0	6060	1
NA	31.5	38.7	31.5 x 38.7 cm. plate 38.5 x 46 cm.	2fo	38.7	31.5	0	1219.05	1
NA	49.5	57.2	49.5 x 57.2 cm. plate 53.5 x 63 cm.	NA	57.2	49.5	0	2831.4	1
NA	42.5	53.3	42.5 x 53.3 cm. plate 44.5 x 57.7 cm.	2long	53.3	42.5	0	2265.25	1
NA	49.5	57.8	49.5 x 57.8 cm. plate 53.5 x 51.2 cm.	NA	57.8	49.5	0	2861.1	1
NA	48.5	57.3	48.5 x 57.3 cm. plate 51 x 59 cm.	NA	57.3	48.5	0	2779.05	1
NA	48	55.7	48 x 55.7 cm. plate 53.2 x 60.8 cm.	NA	55.7	48	0	2673.6	1
NA	48.5	56.8	48.5 x 56.8 cm. plate 52.6 x 62 cm.	NA	56.8	48.5	0	2754.8	1
NA	48.7	57.3	48.7 x 57.3 cm. plate 51 x 59.5 cm.	NA	57.3	48.7	0	2790.51	1
NA	48.3	56.7	48.3 x 56.7 cm. plate 52.5 x 62 cm.	NA	56.7	48.3	0	2738.61	1
NA	47.9	55.3	47.9 x 55.3 cm. plate 52 x 59 cm.	NA	55.3	47.9	0	2648.87	1
NA	22	31.5	31.5 x 22 cm. plate 42 x 26 cm.	2fo	31.5	22	0	693	1
NA	48.5	57	48.5 x 57 cm. plate 54 x 62 cm.	NA	57	48.5	0	2764.5	1
NA	48.6	56.5	48.6 x 56.5 cm. plate 53 x 61.5 cm.	NA	56.5	48.6	0	2745.9	1
NA	48.2	56	48.2 x 56 cm. plate 54 x 62 cm.	NA	56	48.2	0	2699.2	1
NA	49.6	70.7	70.7 x 49.6 cm. plate 75 x 54 cm.	NA	70.7	49.6	0	3506.72	1
NA	41.6	52.6	41.6 x 52.6 cm. plate 47.5 x 58 cm.	2long	52.6	41.6	0	2188.16	1
NA	48.6	59	59 x 48.6 cm. plate 60.5 x 52 cm.	NA	59	48.6	0	2867.4	1
NA	66.8	96.7	96.7 x 66.8 cm. plate n. 105 x 68.5 cm.	1to	96.7	66.8	0	6459.56	1
NA	46.8	64.4	46.8 x 64.4 cm. plate 52.3 x 68.7 cm.	NA	64.4	46.8	0	3013.92	1
NA	46.8	64.4	46.8 x 64.4 cm. plate 54.3 x 73.3 cm.	NA	64.4	46.8	0	3013.92	1
NA	48.2	55.5	48.2 x 55.5 cm. plate 53.5 x 58.5 cm.	NA	55.5	48.2	0	2675.1	1
NA	46.5	64.5	46.5 x 64.5 cm. plate n. 52.3 x 70.5cm.	NA	64.5	46.5	0	2999.25	1
NA	48.3	55.2	48.3 x 55.2 cm. plate 53.5 x 60 cm.	NA	55.2	48.3	0	2666.16	1
NA	41.5	53	41.5 x 53 cm. plate 56 x 66 cm.	2long	53	41.5	0	2199.5	1
NA	42.4	53	42.4 x 53 cm. plate 47.5 x 56.5 cm.	2long	53	42.4	0	2247.2	1
NA	38	52.2	38 x 52.2 cm. plate 54 x 65.5 cm.	2long	52.2	38	0	1983.6	1
NA	37.8	53	37.8 x 53 cm. plate 48.5 x 59 cm.	2long	53	37.8	0	2003.4	1
NA	58.5	81.5	81.5 x 58.5 cm. plate 94 x 63 cm.	1to	81.5	58.5	0	4767.75	1
NA	19.3	31.3	19.3 x 31.3 cm. plate 29.7 x 42.2 cm.	NA	31.3	19.3	0	604.09	1
NA	45.5	55.3	45.5 x 55.3 cm. plate 46.7 x 59.5 cm.	NA	55.3	45.5	0	2516.15	1
NA	47.6	56.2	56.2 x 47.6 cm. plate 65.5 x 53 cm.	NA	56.2	47.6	0	2675.12	1
NA	36.3	48	36.3 x 48 cm. plate n. 45 x 53.5 cm.	2fo	48	36.3	0	1742.4	1
NA	36.3	48.3	36.3 x 48.3 cm. plate n. 47 x 55.5 cm.	2fo	48.3	36.3	0	1753.29	1
NA	36.3	48	36.3 x 48 cm. plate n. 46 x 57 cm.	2fo	48	36.3	0	1742.4	1
NA	41.7	58	41.7 x 58 cm. plate 50 x 61.3 cm.	2long	58	41.7	0	2418.6	1
NA	68.5	100	68.5 x 100 cm. plate 76.5 x 105 cm.	1to	100	68.5	0	6850	1
NA	12	12.5	12 x12.5 cm. plate 13.2 x13 cm.	NA	12.5	12	0	150	1
NA	49	60.5	60.5 x 49 cm. plate 84.5 x 64.8 cm.	NA	60.5	49	0	2964.5	1
NA	46.2	53.8	46.2 x 53.8 cm. plate 53.5 x 62.7 cm.	NA	53.8	46.2	0	2485.56	1
NA	34	46	34 x 46 cm. plate 39.8 x 52.4 cm.	2fo	46	34	0	1564	1
NA	45.9	59	45.9 x 59 cm. plate 54.3 x 63.7 cm.	NA	59	45.9	0	2708.1	1
NA	49.1	57.6	49.1 x 57.6 cm. plate 52.5 x 60.7 cm.	NA	57.6	49.1	0	2828.16	1
NA	49.4	57.4	49.4 x 57.4 cm. plate 51.5 x 59 cm.	NA	57.4	49.4	0	2835.56	1
NA	49.3	57.5	49.3 x 57.5 cm. plate 54 x 63.3 cm.	NA	57.5	49.3	0	2834.75	1
NA	36.2	47	36.2 x 47 cm (41.2 x 55.6 cm ). plate 53 x 61.5 cm.	2fo	47	36.2	0	1701.4	1
NA	27.2	33.7	27.2 x 33.7 cm. plate 35 x 43 cm.	4long	33.7	27.2	0	916.64	1
NA	28.3	35.9	28.3 x 35.9 cm. plate 33.2 x 39 cm.	4long	35.9	28.3	0	1015.97	1
NA	27.2	33.5	27.2 x 33.5 cm. plate 30 x 34.7 cm.	NA	33.5	27.2	0	911.2	1
NA	19.3	26.4	19.3 x 26.4 cm. plate 25.6 x 33.2 cm.	4to	26.4	19.3	0	509.52	1
NA	48.3	57.5	48.3 x 57.5 cm. plate 53.5 x 65 cm.	NA	57.5	48.3	0	2777.25	1
NA	49	56	49 x 56 (63.7) cm. plate 53.7 x 66.5 cm.	NA	56	49	0	2744	1
NA	47.6	58.6	47.6 x 58.6 cm. plate 54 x 65.5 cm.	NA	58.6	47.6	0	2789.36	1
NA	48.5	59	48.5 x 59 cm. plate 53.5 x 62.5 cm.	NA	59	48.5	0	2861.5	1
NA	40.8	55.4	40.8 x 55.4 cm. plate 55.5 x 65 cm.	2long	55.4	40.8	0	2260.32	1
NA	43.5	55.2	43.5 x 55.2 cm. plate 51 x 61 cm.	2long	55.2	43.5	0	2401.2	1
NA	39.2	55.2	39.2 x 55.2 cm. plate 44 x 59 cm.	2long	55.2	39.2	0	2163.84	1
NA	38	51	38 x 51 cm. plate 51 x 62 cm.	NA	51	38	0	1938	1
NA	35.4	47.4	35.4 x 47.4 cm. plate 45 x 57 cm.	2fo	47.4	35.4	0	1677.96	1
NA	48.2	57	48.2 x 57 cm. plate 54.5 x 62.5 cm.	NA	57	48.2	0	2747.4	1
NA	49.8	57	49.8 x 57 cm. plate 54 x 65 cm.	NA	57	49.8	0	2838.6	1
NA	50.2	58.5	50.2 x 58.5 cm. plate 54.3 x 70.2 cm.	NA	58.5	50.2	0	2936.7	1
NA	43.7	52.5	43.7 x 52.5 cm. plate 54.7 x 62.5 cm.	NA	52.5	43.7	0	2294.25	1
NA	43.2	51.8	43.2 x 51.8 cm. plate 52.5 x 63 cm.	NA	51.8	43.2	0	2237.76	1
NA	44	53.2	44 x 53.2 cm.	NA	53.2	44	0	2340.8	1
NA	12	17	12 x 17 cm	NA	17	12	0	204	1
NA	62.5	94	94 x 62.5 cm. plate 65.5 x 96 cm.	1to	94	62.5	0	5875	1
NA	61	93	61 x 93 cm. plate 65.5 x 96 cm.	1to	93	61	0	5673	1
NA	58	99	58 x 99 cm. plate 62 x 102.5 cm.	1to	99	58	0	5742	1
NA	57	97.5	57 x 97.5 cm. plate 63.5 x 100.5 cm.	1to	97.5	57	0	5557.5	1
NA	49.3	57.4	49.3 x 57.4 cm. plate 53.5 x 64 cm.	NA	57.4	49.3	0	2829.82	1
NA	16.3	63	16.3 x 63 cm. plate 24.5 x 76.5 cm.	2long	63	16.3	0	1026.9	1
NA	19.5	30.5	19.5 x 30.5 cm. plate 21.5 x 34.5 cm.	NA	30.5	19.5	0	594.75	1
NA	20.9	31.7	20.9 x 31.7 cm. plate 23.3 x 33 cm.	2fo	31.7	20.9	0	662.53	1
NA	22.4	33	22.4 x 33 cm. plate 25.4 x 35.4 cm.	2fo	33	22.4	0	739.2	1
NA	28	31.8	31.8 x 28 cm. plate 39.5 x 47.5 cm.	NA	31.8	28	0	890.4	1
NA	31	40.5	40.5 x 31 cm. plate 47.7 x 38.8 cm.	2fo	40.5	31	0	1255.5	1
NA	56.4	86.7	56.4 x 86.7 cm. plate 62.5 x 91.5 cm.	1to	86.7	56.4	0	4889.88	1
NA	57	88	57 x 88 cm. plate 62.5 x 92.5 cm.	1to	88	57	0	5016	1
NA	30.8	36.4	30.8 x 36.4 cm. plate 36.5 x 43 cm.	4long	36.4	30.8	0	1121.12	1
NA	50.4	58.2	50.4 x 58.2 cm. plate 54 x 64 cm.	NA	58.2	50.4	0	2933.28	1
NA	44.2	53.4	44.2 x 53.4 cm. plate 53 x 62 cm.	NA	53.4	44.2	0	2360.28	1
NA	43.8	NA	43.8 x 43.8 cm. plate 56 x 68 cm.	NA	43.8	35	0	1533	1
NA	68	137	137 x 68 cm.	1to	137	68	0	9316	1
NA	29.2	38	38 x 29.2 cm. plate 40 x 31 cm.	2fo	38	29.2	0	1109.6	1
NA	18	NA	18 x 18 cm.	NA	18	18	0	324	1
NA	44.8	59.5	59.5 x 44.8 cm. plate 61.5 x 53 cm.	NA	59.5	44.8	0	2665.6	1
NA	21	30	21 x 30 cm. plate 24.7 x 33.7 cm.	NA	30	21	0	630	1
NA	46.3	57.8	46.3 x 57.8 cm. plate 52 x 62.3 cm.	NA	57.8	46.3	0	2676.14	1
NA	90.5	91	90.5 x 91 cm. plate 94 x 94 cm.	NA	91	90.5	0	8235.5	1
NA	56.5	103	56.5 x 103 cm.	1to	103	56.5	0	5819.5	1
NA	56	98	56 x 98 cm.	1to	98	56	0	5488	1
NA	24	42.5	42.5 x 24 cm. plate 47 x 28.5 cm.	2fo	42.5	24	0	1020	1
NA	23	30.7	30.7 x 23 cm. plate 42.5 x 30.8 cm.	NA	30.7	23	0	706.1	1
NA	42.5	55	55 x 42.5 cm. plate 58.5 x 46.7 cm.	2long	55	42.5	0	2337.5	1
NA	43.5	54	54 x 43.5 cm. plate 59.5 x 47 cm.	2long	54	43.5	0	2349	1
NA	41.5	71.5	41.5 x 71.5 cm. plate 46 x 74.7 cm.	2long	71.5	41.5	0	2967.25	1
NA	39.3	45	39.3 x 45 cm. plate 45.5 x 53 cm.	NA	45	39.3	0	1768.5	1
NA	39	45	39 x 45 cm. plate 45.5 x 53 cm.	NA	45	39	0	1755	1
NA	46.5	58.5	46.5 x 58.5 cm. plate 50.3 x 61.8 cm.	NA	58.5	46.5	0	2720.25	1
NA	56	81	56 x 81 cm.	1to	81	56	0	4536	1
NA	55	75	55 x 75 cm.	1to	75	55	0	4125	1
NA	55	78	55 x 78 cm.	1to	78	55	0	4290	1
NA	55.5	82	55.5 x 82 cm.	1to	82	55.5	0	4551	1
NA	56	73	56 x 73 cm.	1to	73	56	0	4088	1
NA	56	74	74 x 56 cm.	1to	74	56	0	4144	1
NA	56.5	101	56.5 x 101 cm.	1to	101	56.5	0	5706.5	1
NA	55.5	72	55.5 x 72 cm.	NA	72	55.5	0	3996	1
NA	51	72	51 x 72 cm.	NA	72	51	0	3672	1
NA	58.5	81	58.5 x 81 cm.	1to	81	58.5	0	4738.5	1
NA	56	73	73 x 56 cm.	1to	73	56	0	4088	1
NA	53.5	62.5	62.5 x 53.5 cm.	NA	62.5	53.5	0	3343.75	1
NA	55.5	72.5	72.5 x 55.5 cm.	1to	72.5	55.5	0	4023.75	1
NA	53	61.5	53 x 61.5 cm.	NA	61.5	53	0	3259.5	1
NA	53	60.5	53 x 60.5 cm.	NA	60.5	53	0	3206.5	1
NA	53	58	53 x 58 cm.	NA	58	53	0	3074	1
NA	37.5	54	37.5 x 54 cm.	2long	54	37.5	0	2025	1
NA	65	95	65 x 95 cm.	1to	95	65	0	6175	1
NA	58.5	106	58.5 x 106 cm.	1to	106	58.5	0	6201	1
NA	58	77	77 x 58 cm.	1to	77	58	0	4466	1
NA	58.5	76	58.5 x 76 cm.	1to	76	58.5	0	4446	1
NA	45.5	60.5	45.5 x 60.5 cm. plate 52 x 64 cm.	NA	60.5	45.5	0	2752.75	1
NA	41	61	41 x 61 cm.	2long	61	41	0	2501	1
NA	46	60.3	60.3 x 46 cm.	NA	60.3	46	0	2773.8	1
NA	61	83	61 x 83 cm.	1to	83	61	0	5063	1
NA	49	64	49 x 64 cm.	NA	64	49	0	3136	1
NA	57	82	57 x 82 cm.	1to	82	57	0	4674	1
NA	60	100	60 x 100 cm.	1to	100	60	0	6000	1
NA	47.8	58.5	47.8 x 58.5 cm. plate 50.5 x 62.7 cm.	NA	58.5	47.8	0	2796.3	1
NA	50	57.8	50 x 57.8 cm. plate 52.5 x 63.3 cm.	NA	57.8	50	0	2890	1
NA	44	53.2	44 x 53.2 cm. plate 51 x 62 cm.	NA	53.2	44	0	2340.8	1
NA	49	57.8	49 x 57.8 cm. plate 53.5 x 64.3 cm.	NA	57.8	49	0	2832.2	1
NA	48.5	56.7	48.5 x 56.7 cm. plate 50.2 x 58.5 cm.	NA	56.7	48.5	0	2749.95	1
NA	63	71	63 x 71 cm.	NA	71	63	0	4473	1
NA	64	69	64 x 69 cm.	NA	69	64	0	4416	1
NA	55	57.5	55 x 57.5 cm. plate 63 x 67.5 cm.	NA	57.5	55	0	3162.5	1
NA	55.2	62	55.2 x 62 cm. plate 62 x 70 cm.	NA	62	55.2	0	3422.4	1
NA	55.3	62	55.3 x 62 cm. plate 62 x 70 cm.	NA	62	55.3	0	3428.6	1
NA	57.3	62.5	57.3 x 62.5 cm. plate 61.5 x 70 cm.	NA	62.5	57.3	0	3581.25	1
NA	57.5	62.5	57.5 x 62.5 cm. plate 62 x 70 cm.	NA	62.5	57.5	0	3593.75	1
NA	54	58	54 x 58 cm. plate 61.5 x 69.5 cm.	NA	58	54	0	3132	1
NA	58	61	58 x 61 cm. plate 61.5 x 69.5 cm.	NA	61	58	0	3538	1
NA	14.5	21.4	21.4 x 14.5 cm. plate 23 x 16.7 cm.	NA	21.4	14.5	0	310.3	1
NA	15	21.4	21.4 x 15 cm. plate 27.6 x 39.7 cm.	NA	21.4	15	0	321	1
NA	18	21.8	18 x 21.8 cm.	4to	21.8	18	0	392.4	1
NA	49	57.2	57.2 x 49 cm. plate 64.5 x 52 cm.	NA	57.2	49	0	2802.8	1
NA	43.8	54.8	43.8 x 54.8 cm. plate 46 x 56.7 cm.	2long	54.8	43.8	0	2400.24	1
NA	43.7	58	43.7 x 58 cm. plate 45.6 x 60 cm.	2long	58	43.7	0	2534.6	1
NA	46.7	55	46.7 x 55 cm. plate 48.5 x 59.3 cm.	NA	55	46.7	0	2568.5	1
NA	42.5	57	42.5 x 57 cm. plate 44.5 x 60.8 cm	2long	57	42.5	0	2422.5	1
NA	28	43	43 x 28 c. plate 44 x 29 cm.	2fo	43	28	0	1204	1
NA	137	194	194 x 137 cm.	NA	194	137	0	26578	1
NA	48.3	65.8	65.8 x 48.3 cm.	NA	65.8	48.3	0	3178.14	1
NA	83.2	117	83.2 x 117 cm. plate 92.5 x 127 cm.	NA	117	83.2	0	9734.4	1
NA	77.5	108	108 x 77.5 cm. plate 114 x 87 cm.	NA	108	77.5	0	8370	1
NA	54.2	66.4	54.2 x 66.4 cm. plate 56.7 x 69.7 cm.	NA	66.4	54.2	0	3598.88	1
NA	50.3	56.4	50.3 x 56.4 cm.	NA	56.4	50.3	0	2836.92	1
NA	44	45.5	45.5 x 44 cm. plate 47.5 x 47 cm.	NA	45.5	44	0	2002	1
NA	19	24.8	24.8 x 19 cm. plate 30 x 22.5 cm.	4to	24.8	19	0	471.2	1
NA	NA	NA	2to(4to)	NA	NA	NA	0	NA	1
4to	NA	NA	s. [28] tyhjä ;;4to	4to	28	22	0	616	1
4to	NA	NA	s. [32] tyhjä ;;4to	4to	28	22	0	616	1
8vo	NA	NA	[8to].	8vo	19	13	0	247	1
12mo	NA	NA	12to.	12mo	19	12.5	0	237.5	1
2fo	NA	NA	[poikittais-2to.	2fo	45	30	1	1350	1
1to	NA	NA	[poikittais-1to.	1to	90	60	1	5400	1
32mo	NA	NA	[32to.	32mo	12	7	0	84	1
8long	NA	NA	[8to +	8long	22	13	0	286	1
1to	NA	NA	[poikittais-1to].	1to	90	60	1	5400	1
8vo	NA	NA	[[8to].	8vo	19	13	0	247	1
16mo	NA	NA	[16to].	16mo	15	12	0	180	1
NA	NA	NA	poikittais-1to1/2to].	NA	NA	NA	1	NA	1
NA	NA	NA	poikittais-1to[1/2to.	NA	NA	NA	1	NA	1
NA	30	40	40 x 30 cm.	2fo	40	30	0	1200	1
NA	18.8	32.8	32.8 x 18.8 cm. plate 38 x 24 cm.	2fo	32.8	18.8	0	616.64	1
2fo	NA	NA	2to[1/2to].	2fo	45	30	0	1350	1
NA	NA	NA	4to2 [4?] kuvaliitettä.	NA	NA	NA	0	NA	1
NA	NA	NA	1/2to[1to].	NA	NA	NA	0	NA	1
2fo	NA	NA	poikittais-1/2to	2fo	45	30	1	1350	1
NA	NA	NA	8to[16to].	NA	NA	NA	0	NA	1
16mo	5.5	7.5	16to[7.5x5.5 cm].	16mo	7.5	5.5	0	41.25	1
2fo	NA	NA	2.o.	2fo	45	30	0	1350	1
