"","publication_place","country","count","longitude","latitude","identity"
"351","Askersund","Sweden",1,"14.9167","58.8833","<http://vocab.getty.edu/tgn/1062784>"
"352","Falun","Sweden",5,"15.6667","60.6167","<http://vocab.getty.edu/tgn/7009813>"
"355","Helsingborg","Sweden",2,"12.75","56.0833","<http://vocab.getty.edu/tgn/7009941>"
"356","Härnösand","Sweden",8,"17.9167","62.6167","<http://vocab.getty.edu/tgn/7009821>"
"357","Jönköping","Sweden",5,"14.1667","57.75","<http://vocab.getty.edu/tgn/7009825>"
"358","Karlskrona","Sweden",8,"15.5833","56.1667","<http://vocab.getty.edu/tgn/1063208>"
"359","Karlstad","Sweden",3,"13.5333","59.4","<http://vocab.getty.edu/tgn/1063209>"
"360","Köping","Sweden",2,"16","59.5167","<http://vocab.getty.edu/tgn/7009829>"
"361","Landskrona","Sweden",1,"12.8333","55.8167","<http://vocab.getty.edu/tgn/1063289>"
"362","Linköping","Sweden",19,"15.6167","58.4167","<http://vocab.getty.edu/tgn/7009951>"
"363","Ljungsbro","Sweden",1,"15.5","58.5167","<http://vocab.getty.edu/tgn/1063327>"
"364","Luleå","Sweden",2,"22.1667","65.5667","<http://vocab.getty.edu/tgn/7009836>"
"365","Lund","Sweden",51,"13.1667","55.7","<http://vocab.getty.edu/tgn/7009837>"
"366","Malmö","Sweden",4,"13","55.5833","<http://vocab.getty.edu/tgn/7009839>"
"367","Nora","Sweden",1,"15.0333","59.5167","<http://vocab.getty.edu/tgn/1063419>"
"368","Norrköping","Sweden",10,"16.1667","58.5833","<http://vocab.getty.edu/tgn/7009845>"
"369","Nyköping","Sweden",2,"17","58.75","<http://vocab.getty.edu/tgn/1063438>"
"371","Skara","Sweden",28,"13.4167","58.3833","<http://vocab.getty.edu/tgn/7009854>"
"372","Stockholm","Sweden",4004,"18.0833","59.3333","<http://vocab.getty.edu/tgn/7009861>"
"373","Strängnäs","Sweden",26,"17.0333","59.3833","<http://vocab.getty.edu/tgn/7009862>"
"374","Sundsvall","Sweden",1,"17.3333","62.3667","<http://vocab.getty.edu/tgn/1063688>"
"375","Uppsala","Sweden",753,"17.6333","59.9167","<http://vocab.getty.edu/tgn/7009867>"
"377","Västerås","Sweden",25,"16.55","59.6167","<http://vocab.getty.edu/tgn/7009872>"
"378","Örebro","Sweden",95,"15.0833","59.3","<http://vocab.getty.edu/tgn/1062693>"
"353","Gothenburg","Sweden",31,"11.9667","57.7167","<http://vocab.getty.edu/tgn/7009954>"
"44","Espoo","Finland",4,"24.7","60.1667","<http://vocab.getty.edu/tgn/7010360>"
"46","Forssa","Finland",10,"23.633","60.8167","<http://vocab.getty.edu/tgn/1031279>"
"48","Haapajärvi","Finland",5,"25.3333","63.75","<http://vocab.getty.edu/tgn/1031285>"
"49","Hamina","Finland",161,"27.25","60.55","<http://vocab.getty.edu/tgn/1031289>"
"50","Hanko","Finland",85,"23","59.8333","<http://vocab.getty.edu/tgn/1031290>"
"51","Harjavalta","Finland",1,"22.1667","61.3167","<http://vocab.getty.edu/tgn/1031292>"
"52","Heinola","Finland",33,"26.0833","61.2167","<http://vocab.getty.edu/tgn/1031297>"
"54","Heinävesi","Finland",2,"28.6667","62.4333","<http://vocab.getty.edu/tgn/7009879>"
"55","Helsinki","Finland",26953,"25","60.1333","<http://vocab.getty.edu/tgn/7009880>"
"56","Hinnerjoki","Finland",1,"22","61","<http://vocab.getty.edu/tgn/1031300>"
"60","Hyvinkää","Finland",16,"24.8333","60.6167","<http://vocab.getty.edu/tgn/1031304>"
"62","Hämeenlinna","Finland",1410,"24.4167","61","<http://vocab.getty.edu/tgn/7009878>"
"63","Iisalmi","Finland",13,"27.1833","63.5667","<http://vocab.getty.edu/tgn/1031306>"
"64","Ikaalinen","Finland",2,"23.0833","61.7667","<http://vocab.getty.edu/tgn/1031309>"
"65","Ilmajoki","Finland",2,"22.5667","62.7333","<http://vocab.getty.edu/tgn/1031310>"
"66","Imatra","Finland",1,"28.8333","61.2333","<http://vocab.getty.edu/tgn/1031312>"
"68","Inari","Finland",1,"27.0833","68.9","<http://vocab.getty.edu/tgn/1031313>"
"70","Isokyrö","Finland",10,"22.3333","63.0167","<http://vocab.getty.edu/tgn/1031316>"
"72","Jalasjärvi","Finland",1,"22.8333","62.5","<http://vocab.getty.edu/tgn/1031323>"
"74","Joensuu","Finland",127,"29.75","62.6","<http://vocab.getty.edu/tgn/1031325>"
"75","Juva","Finland",3,"27.8333","61.9167","<http://vocab.getty.edu/tgn/1031334>"
"76","Jyväskylä","Finland",1031,"25.8333","62.2667","<http://vocab.getty.edu/tgn/7009882>"
"77","Jämsä","Finland",5,"25.1667","61.85","<http://vocab.getty.edu/tgn/1031318>"
"80","Kajaani","Finland",42,"27.6833","64.2333","<http://vocab.getty.edu/tgn/1031339>"
"82","Kangasala","Finland",1,"24.0833","61.4667","<http://vocab.getty.edu/tgn/1031341>"
"84","Karhula","Finland",2,"26.9667","60.4833","<http://vocab.getty.edu/tgn/1031346>"
"85","Karjaa","Finland",14,"23.75","60.0833","<http://vocab.getty.edu/tgn/1031348>"
"87","Karstula","Finland",2,"24.8333","62.8833","<http://vocab.getty.edu/tgn/1031351>"
"88","Kaskinen","Finland",18,"21.1667","62.3833","<http://vocab.getty.edu/tgn/1031354>"
"89","Kauhajoki","Finland",1,"22.1667","62.4333","<http://vocab.getty.edu/tgn/1031356>"
"90","Kausala","Finland",1,"26.3667","60.9","<http://vocab.getty.edu/tgn/1031359>"
"93","Kemi","Finland",38,"24.5667","65.7667","<http://vocab.getty.edu/tgn/1031365>"
"96","Kirkkonummi","Finland",2,"24.3333","60.1","<http://vocab.getty.edu/tgn/1031415>"
"102","Kokemäki","Finland",1,"22.3333","61.25","<http://vocab.getty.edu/tgn/1031383>"
"103","Kokkola","Finland",107,"23.1667","63.8333","<http://vocab.getty.edu/tgn/1031384>"
"104","Korsnäs","Finland",1,"21.1667","62.7833","<http://vocab.getty.edu/tgn/1031392>"
"105","Kotka","Finland",176,"26.9167","60.4333","<http://vocab.getty.edu/tgn/1031395>"
"106","Kouvola","Finland",4,"26.75","60.9","<http://vocab.getty.edu/tgn/1031396>"
"107","Kristiinankaupunki","Finland",55,"21.3","62.2667","<http://vocab.getty.edu/tgn/1031397>"
"108","Kruunupyy","Finland",21,"23.0667","63.7333","<http://vocab.getty.edu/tgn/1031398>"
"109","Kuopio","Finland",1569,"27.6667","62.9","<http://vocab.getty.edu/tgn/7009883>"
"110","Kuortane","Finland",4,"23.5","62.8","<http://vocab.getty.edu/tgn/1031405>"
"112","Kuusankoski","Finland",1,"26.7","60.9167","<http://vocab.getty.edu/tgn/1031412>"
"115","Kyrö","Finland",1,"22.75","60.7","<http://vocab.getty.edu/tgn/1031413>"
"117","Lahti","Finland",160,"25.6667","60.9667","<http://vocab.getty.edu/tgn/7009884>"
"118","Laihia","Finland",10,"22","62.9667","<http://vocab.getty.edu/tgn/1031420>"
"120","Laitila","Finland",4,"21.6667","60.8667","<http://vocab.getty.edu/tgn/1031421>"
"121","Lammi","Finland",1,"25.0167","61.0833","<http://vocab.getty.edu/tgn/1031422>"
"122","Lappeenranta","Finland",56,"28.25","61.0667","<http://vocab.getty.edu/tgn/7009885>"
"123","Lapua","Finland",31,"23","62.95","<http://vocab.getty.edu/tgn/1031430>"
"124","Lohja","Finland",3,"24.1667","60.2","<http://vocab.getty.edu/tgn/7009887>"
"126","Loimaa","Finland",1,"23.05","60.85","<http://vocab.getty.edu/tgn/1031444>"
"128","Loviisa","Finland",29,"26.25","60.45","<http://vocab.getty.edu/tgn/1031447>"
"129","Maaninka","Finland",1,"27.3333","63.1667","<http://vocab.getty.edu/tgn/1031453>"
"130","Mariehamn","Finland",66,"19.9167","60.0833","<http://vocab.getty.edu/tgn/1031454>"
"132","Mikkeli","Finland",240,"27.25","61.7333","<http://vocab.getty.edu/tgn/1031460>"
"137","Mäntyharju","Finland",1,"26.8333","61.4333","<http://vocab.getty.edu/tgn/1031450>"
"138","Naantali","Finland",2,"22.0833","60.4667","<http://vocab.getty.edu/tgn/7009889>"
"139","Nokia","Finland",1,"23.5","61.4667","<http://vocab.getty.edu/tgn/1031474>"
"140","Noormarkku","Finland",1,"21.8333","61.5833","<http://vocab.getty.edu/tgn/7009890>"
"142","Nurmijärvi","Finland",1,"24.8","60.4667","<http://vocab.getty.edu/tgn/7009891>"
"143","Närpiö","Finland",2,"21.3167","62.4667","<http://vocab.getty.edu/tgn/1031469>"
"144","Orimattila","Finland",1,"25.6667","60.8","<http://vocab.getty.edu/tgn/1031479>"
"146","Orivesi","Finland",4,"24.35","61.6833","<http://vocab.getty.edu/tgn/1031481>"
"147","Otava","Finland",1,"27.0667","61.65","<http://vocab.getty.edu/tgn/1031483>"
"148","Oulainen","Finland",1,"24.8333","64.2833","<http://vocab.getty.edu/tgn/1031484>"
"149","Oulu","Finland",652,"25.4333","65","<http://vocab.getty.edu/tgn/1031485>"
"150","Paimio","Finland",1,"22.7","60.45","<http://vocab.getty.edu/tgn/1031490>"
"151","Parainen","Finland",6,"22.3333","60.3","<http://vocab.getty.edu/tgn/1031494>"
"152","Parikkala","Finland",3,"29.5","61.5833","<http://vocab.getty.edu/tgn/1031495>"
"153","Parkano","Finland",20,"23","62.05","<http://vocab.getty.edu/tgn/1031496>"
"154","Perho","Finland",1,"24.4167","63.25","<http://vocab.getty.edu/tgn/1031501>"
"157","Petäjävesi","Finland",2,"25.1667","62.2833","<http://vocab.getty.edu/tgn/1031503>"
"158","Pieksämäki","Finland",1,"27.1667","62.3","<http://vocab.getty.edu/tgn/1031504>"
"159","Pietarsaari","Finland",76,"22.6667","63.6833","<http://vocab.getty.edu/tgn/1031322>"
"160","Pihlava","Finland",2,"21.6","61.55","<http://vocab.getty.edu/tgn/1031506>"
"161","Piikkiö","Finland",6,"22.5167","60.4333","<http://vocab.getty.edu/tgn/1031508>"
"163","Pori","Finland",713,"21.75","61.4667","<http://vocab.getty.edu/tgn/7009893>"
"164","Porvoo","Finland",3770,"25.6667","60.4","<http://vocab.getty.edu/tgn/1031270>"
"166","Raahe","Finland",31,"24.5","64.7","<http://vocab.getty.edu/tgn/1031526>"
"168","Rantasalmi","Finland",1,"28.3333","62.1","<http://vocab.getty.edu/tgn/1031529>"
"169","Rauma","Finland",251,"21.5","61.15","<http://vocab.getty.edu/tgn/1031533>"
"170","Rautalampi","Finland",1,"26.35","62.6333","<http://vocab.getty.edu/tgn/1031534>"
"172","Rovaniemi","Finland",4,"25.6667","66.4833","<http://vocab.getty.edu/tgn/7009958>"
"174","Rääkkylä","Finland",1,"29.6667","62.3167","<http://vocab.getty.edu/tgn/1031525>"
"175","Saarijärvi","Finland",2,"25.25","62.7333","<http://vocab.getty.edu/tgn/1031549>"
"178","Salo","Finland",8,"23.1667","60.3833","<http://vocab.getty.edu/tgn/1031550>"
"180","Sauvo","Finland",1,"22.7333","60.3667","<http://vocab.getty.edu/tgn/1031551>"
"181","Savonlinna","Finland",95,"28.8833","61.8667","<http://vocab.getty.edu/tgn/1031553>"
"182","Seinäjoki","Finland",4,"22.9167","62.75","<http://vocab.getty.edu/tgn/1031555>"
"185","Suomussalmi","Finland",2,"29.1667","64.8667","<http://vocab.getty.edu/tgn/7009959>"
"186","Suonenjoki","Finland",1,"27.1","62.6667","<http://vocab.getty.edu/tgn/1031571>"
"190","Tammela","Finland",1,"23.766667","60.8","<http://vocab.getty.edu/tgn/4011013>"
"191","Tammisaari","Finland",162,"23.5","60","<http://vocab.getty.edu/tgn/1031273>"
"192","Tampere","Finland",2471,"23.75","61.5","<http://vocab.getty.edu/tgn/7009960>"
"196","Toholampi","Finland",1,"24.25","63.7667","<http://vocab.getty.edu/tgn/1031582>"
"197","Tornio","Finland",11,"24.1667","65.8667","<http://vocab.getty.edu/tgn/7009961>"
"198","Turenki","Finland",16,"24.6333","60.9167","<http://vocab.getty.edu/tgn/1031585>"
"199","Turku","Finland",13669,"22.25","60.45","<http://vocab.getty.edu/tgn/7009962>"
"202","Tyrvää","Finland",4,"22.883333","61.35","<http://vocab.getty.edu/tgn/7594399>"
"203","Urjala","Finland",2,"23.5333","61.0833","<http://vocab.getty.edu/tgn/1031590>"
"204","Uusikaarlepyy","Finland",23,"22.5","63.3667","<http://vocab.getty.edu/tgn/7010084>"
"205","Uusikaupunki","Finland",58,"21.4167","60.8","<http://vocab.getty.edu/tgn/7009963>"
"207","Vaasa","Finland",3500,"21.6","63.1","<http://vocab.getty.edu/tgn/7009964>"
"211","Vammala","Finland",1,"22.9167","61.3333","<http://vocab.getty.edu/tgn/1031604>"
"212","Vantaa","Finland",1,"24.95","60.3","<http://vocab.getty.edu/tgn/1031600>"
"213","Viitasaari","Finland",2,"25.7833","63.1","<http://vocab.getty.edu/tgn/1031614>"
"216","Ylimarkku","Finland",1,"21.4333","62.6167","<http://vocab.getty.edu/tgn/1031260>"
"217","Ylistaro","Finland",2,"22.5","62.9667","<http://vocab.getty.edu/tgn/1031629>"
"218","Ylivieska","Finland",1,"24.5","64.0833","<http://vocab.getty.edu/tgn/1031630>"
"386","Almena Wi","USA",5,"-92.0167","45.4167","<http://vocab.getty.edu/tgn/2120596>"
"387","Ashtabula Oh","USA",51,"-80.7833","41.85","<http://vocab.getty.edu/tgn/2078271>"
"388","Astoria Or","USA",25,"-123.8167","46.1833","<http://vocab.getty.edu/tgn/7013328>"
"389","Boston Ma","USA",2,"-71.05","42.35","<http://vocab.getty.edu/tgn/7013445>"
"390","Bridgeport Ct","USA",2,"-73.2","41.1667","<http://vocab.getty.edu/tgn/7013453>"
"391","Calumet Mi","USA",37,"-88.45","47.2333","<http://vocab.getty.edu/tgn/2051435>"
"392","Chicago IL","USA",22,"-87.65","41.85","<http://vocab.getty.edu/tgn/7013596>"
"393","Chisholm MN","USA",2,"-92.8833","47.4833","<http://vocab.getty.edu/tgn/2054133>"
"394","Cincinnati Oh","USA",3,"-84.45","39.15","<http://vocab.getty.edu/tgn/7013604>"
"395","Clear Creek UT","USA",1,"-113.2667","41.9667","<http://vocab.getty.edu/tgn/2108772>"
"396","Cleveland Oh","USA",2,"-81.6833","41.4833","<http://vocab.getty.edu/tgn/7013608>"
"397","Duluth MN","USA",42,"-92.1","46.7833","<http://vocab.getty.edu/tgn/7013622>"
"400","Fitchburg Ma","USA",140,"-71.8","42.5833","<http://vocab.getty.edu/tgn/7013763>"
"401","Grand Rapids Mi","USA",1,"-85.6667","42.95","<http://vocab.getty.edu/tgn/7014126>"
"402","Hancock Mi","USA",217,"-88.5667","47.1167","<http://vocab.getty.edu/tgn/2052121>"
"403","Hanna WY","USA",1,"-106.55","41.8667","<http://vocab.getty.edu/tgn/2122970>"
"405","Houghton Mi","USA",2,"-88.5667","47.1167","<http://vocab.getty.edu/tgn/2052218>"
"406","Ironwood Mi","USA",13,"-90.1667","46.45","<http://vocab.getty.edu/tgn/2052273>"
"407","Ishpeming Mi","USA",7,"-87.6667","46.4833","<http://vocab.getty.edu/tgn/2052281>"
"409","Kaleva Mi","USA",50,"-86","44.3667","<http://vocab.getty.edu/tgn/2052326>"
"410","Milwaukee Wi","USA",1,"-87.9","43.0333","<http://vocab.getty.edu/tgn/7014071>"
"411","Minneapolis Mn","USA",2,"-93.25","44.9667","<http://vocab.getty.edu/tgn/7014080>"
"412","New Haven Ct","USA",2,"-72.9167","41.3","<http://vocab.getty.edu/tgn/7014210>"
"414","New York Mills Mn","USA",10,"-95.3667","46.5167","<http://vocab.getty.edu/tgn/2055117>"
"415","Philadelphia Pa","USA",2,"-75.15","39.95","<http://vocab.getty.edu/tgn/7014406>"
"416","Portland Or","USA",1,"-122.6667","45.5167","<http://vocab.getty.edu/tgn/7014273>"
"417","Quincy Ma","USA",7,"-71","42.25","<http://vocab.getty.edu/tgn/7014307>"
"418","Red Jacket Mi","USA",2,"-88.45","47.2333","<http://vocab.getty.edu/tgn/2051435>"
"419","Red Lodge MT","USA",1,"-109.2333","45.1833","<http://vocab.getty.edu/tgn/2061654>"
"420","Rock Island IL","USA",3,"-90.5667","41.5","<http://vocab.getty.edu/tgn/7014353>"
"421","Rock Springs WY","USA",1,"-109.2","41.5833","<http://vocab.getty.edu/tgn/2123143>"
"422","Sandstone Mi","USA",1,"-84.5167","42.25","<http://vocab.getty.edu/tgn/2053255>"
"423","Seattle WA","USA",4,"-122.3167","47.6","<http://vocab.getty.edu/tgn/7014494>"
"426","Superior Wi","USA",14,"-92.1","46.7167","<http://vocab.getty.edu/tgn/7014722>"
"427","Turtle Lake Wi","USA",1,"-92.1333","45.3833","<http://vocab.getty.edu/tgn/2122569>"
"428","Watton Mi","USA",1,"-88.6","46.5333","<http://vocab.getty.edu/tgn/2053658>"
"429","Virginia Mn","USA",1,"-92.5333","47.5167","<http://vocab.getty.edu/tgn/2055676>"
"430","Worcester Ma","USA",8,"-71.8","42.25","<http://vocab.getty.edu/tgn/7014647>"
"25","Birmingham","England",1,"-1.916667","52.466667","<http://vocab.getty.edu/tgn/7010955>"
"26","Cambridge","England",5,"0.116667","52.2","<http://vocab.getty.edu/tgn/7010874>"
"27","Exeter","England",1,"-3.533333","50.7","<http://vocab.getty.edu/tgn/7011953>"
"28","Hull","England",1,"-0.333333","53.716667","<http://vocab.getty.edu/tgn/7010370>"
"29","Letchworth","England",1,"-0.216667","51.966667","<http://vocab.getty.edu/tgn/7011887>"
"30","Liverpool","England",1,"-3","53.416667","<http://vocab.getty.edu/tgn/7010597>"
"31","London","England",169,"-0.093145","51.514248","<http://vocab.getty.edu/tgn/7011781>"
"32","Oxford","England",4,"-1.25","51.75","<http://vocab.getty.edu/tgn/7011931>"
"33","Purleigh","England",1,"0.65","51.666667","<http://vocab.getty.edu/tgn/1030381>"
"34","Stockton","England",2,"-1.416667","54.583333","<http://vocab.getty.edu/tgn/7010049>"
"35","York","England",1,"-1.083333","53.966667","<http://vocab.getty.edu/tgn/7011995>"
"292","Ancona","Italy",1,"13.5","43.633333","<http://vocab.getty.edu/tgn/7003980>"
"293","Arezzo","Italy",1,"9.05","44.6","<http://vocab.getty.edu/tgn/7057855>"
"295","Messina","Italy",1,"15.566667","38.183333","<http://vocab.getty.edu/tgn/7003897>"
"300","Pistoia","Italy",1,"10.9","43.916667","<http://vocab.getty.edu/tgn/7005060>"
"301","Ravenna","Italy",1,"12.201111","44.4175","<http://vocab.getty.edu/tgn/7004935>"
"304","Trieste","Italy",2,"13.78","45.648611","<http://vocab.getty.edu/tgn/7005539>"
"306","Verona","Italy",1,"11","45.45","<http://vocab.getty.edu/tgn/7003262>"
"307","Vicenza","Italy",2,"11.55","45.55","<http://vocab.getty.edu/tgn/7003204>"
"296","Milan","Italy",5,"9.2","45.466667","<http://vocab.getty.edu/tgn/7005903>"
"297","Naples","Italy",3,"14.25","40.833333","<http://vocab.getty.edu/tgn/7004474>"
"299","Padua","Italy",1,"11.883333","45.416667","<http://vocab.getty.edu/tgn/7003085>"
"302","Rome","Italy",8,"12.483333","41.9","<http://vocab.getty.edu/tgn/7000874>"
"303","Siena","Italy",1,"11.33","43.318","<http://vocab.getty.edu/tgn/7011179>"
"305","Venice","Italy",2,"12.326667","45.438611","<http://vocab.getty.edu/tgn/7018159>"
"224","Paris","France",165,"2.333333","48.866667","<http://vocab.getty.edu/tgn/7008038>"
"225","Strasbourg","France",7,"7.787355","48.600381","<http://vocab.getty.edu/tgn/7012346>"
"220","La Chapelle-Montligeon","France",1,"0.656156","48.482329","<http://vocab.getty.edu/tgn/7544504>"
"221","Le Mans","France",1,"0.204709","48.000386","<http://vocab.getty.edu/tgn/7008494>"
"223","Montpellier","France",1,"3.87723","43.61092","<http://vocab.getty.edu/tgn/7009369>"
"342","Kirov","Russia",1,"49.6333","58.6333","<http://vocab.getty.edu/tgn/7014842>"
"344","Smolensk","Russia",1,"32.0667","54.8167","<http://vocab.getty.edu/tgn/7010288>"
"347","Tomsk","Russia",1,"85.0833","56.5","<http://vocab.getty.edu/tgn/7011601>"
"341","Kazan","Russia",2,"49.1667","55.75","<http://vocab.getty.edu/tgn/7015156>"
"345","Sortavala","Russia",549,"30.6667","61.6667","<http://vocab.getty.edu/tgn/1059630>"
"343","Moscow","Russia",39,"37.7","55.75","<http://vocab.getty.edu/tgn/7012974>"
"313","Amersfoort","Netherlands",1,"5.383333","52.15","<http://vocab.getty.edu/tgn/7006922>"
"314","Amsterdam","Netherlands",48,"4.916667","52.35","<http://vocab.getty.edu/tgn/7006952>"
"315","Dieren","Netherlands",1,"6.133333","52.05","<http://vocab.getty.edu/tgn/7006895>"
"316","Dordrecht","Netherlands",1,"4.666667","51.8","<http://vocab.getty.edu/tgn/7006798>"
"317","Haarlem","Netherlands",6,"4.65","52.366667","<http://vocab.getty.edu/tgn/7007048>"
"318","Leeuwarden","Netherlands",3,"5.783333","53.2","<http://vocab.getty.edu/tgn/7007006>"
"319","Leiden","Netherlands",12,"4.5","52.15","<http://vocab.getty.edu/tgn/7006809>"
"320","Maastricht","Netherlands",2,"5.683333","50.85","<http://vocab.getty.edu/tgn/7006862>"
"321","Rotterdam","Netherlands",1,"4.5","51.916667","<http://vocab.getty.edu/tgn/7006792>"
"323","Utrecht","Netherlands",8,"5.133333","52.083333","<http://vocab.getty.edu/tgn/7006926>"
"322","The Hague","Netherlands",2,"4.3","52.083333","<http://vocab.getty.edu/tgn/7006810>"
"1","Buenos Aires","Argentina",1,"-58.381944444","-34.599722222","Q1486"
"2","Brisbane","Australia",1,"153.027777777","-27.467777777","Q34932"
"3","Vienna","Austria",21,"16.373064","48.20833","Q1741"
"4","Minsk","Belarus",1,"27.561837","53.902246","Q2280"
"5","Antwerp","Belgium",4,"4.37077","51.2663","Q31467408"
"6","Brussels","Belgium",3,"4.3525","50.846666666","Q9005"
"7","Liège","Belgium",1,"5.57568","50.64528","Q3992"
"8","Montreal","Canada",2,"-73.555","45.508056","Q340"
"10","Ottawa","Canada",2,"-75.7","45.416666666","Q1930"
"16","Prague","Czech Republic",1,"14.421388888","50.088611111","Q1085"
"17","Telc","Czech Republic",1,"15.452771068","49.184229941","Q373804"
"18","Aabenraa","Denmark",2,"9.418055555","55.044444444","Q154897"
"19","Aalborg","Denmark",2,"9.916666666","57.05","Q25410"
"20","Aarhus","Denmark",2,"10.209722222","56.156388888","Q25319"
"21","Copenhagen","Denmark",128,"12.568888888","55.676111111","Q1748"
"22","Haderslev","Denmark",1,"9.5","55.25","Q29868"
"23","Helsingør","Denmark",1,"12.616666666","56.033333333","Q26881"
"24","Odense","Denmark",5,"10.383333333","55.4","Q25331"
"308","Anttola","Finland",1,"27.65","61.58333333","Q609922"
"311","Björkboda","Finland",1,"22.563888888","60.091666666","Q10430531"
"324","Brändö","Finland",1,"21.045","60.411666666","Q179706"
"331","Eura","Finland",7,"22.083333333","61.133333333","Q999868"
"36","Hirvensalmi","Finland",1,"26.780555555","61.638888888","Q607778"
"37","Huopalahti","Finland",2,"24.89","60.21","Q3105912"
"39","Hämeenkyrö","Finland",2,"23.2","61.633333333","Q996656"
"40","Impilahti","Finland",1,"31.1653","61.6697","Q2660157"
"43","Janakkala","Finland",2,"24.65","60.916666666","Q374324"
"481","Karjalohja","Finland",4,"23.718055555","60.240277777","Q990572"
"491","Kauvatsa","Finland",3,"22.539397222","61.309691666","Q3432699"
"521","Kiiminki","Finland",2,"25.775555555","65.128888888","Q18180785"
"551","Kodisjoki","Finland",1,"21.6875","61.027777777","Q425733"
"59","Kylmäkoski","Finland",1,"23.691666666","61.15","Q1641581"
"631","Lohtaja","Finland",1,"23.505555555","64.023611111","Q1641609"
"651","Marttila","Finland",1,"24.868","60.228","Q3069431"
"69","Mänttä-Vilppula","Finland",1,"24.616666666","62.033333333","Q1016922"
"701","Nummela","Finland",1,"24.3206","60.3339","Q1280623"
"761","Raisio","Finland",1,"22.169444444","60.486111111","Q372075"
"771","Rautio","Finland",1,"24.20555556","64.075","Q3432403"
"83","Sipoo","Finland",2,"25.272222222","60.376388888","Q986320"
"851","Sääksmäki","Finland",3,"24.066666666","61.2","Q606021"
"86","Taipalsaari","Finland",1,"28.059722222","61.159722222","Q1025700"
"901","Tuusula","Finland",1,"25.029166666","60.402777777","Q214773"
"91","Tyrnävä","Finland",1,"25.65","64.75","Q992898"
"931","Vainikkala","Finland",1,"28.299722222","60.866111111","Q820629"
"961","Virolahti","Finland",2,"27.7","60.583333333","Q534072"
"98","Ypäjä","Finland",2,"23.283333333","60.808333333","Q602670"
"100","Altdorf","Germany",3,"7.8139","48.2656","Q47520099"
"1021","Arnstadt","Germany",1,"10.946388888","50.834166666","Q490665"
"1031","Augsburg","Germany",10,"10.898333333","48.371666666","Q2749"
"1041","Berlin","Germany",158,"13.383333333","52.516666666","Q64"
"1051","Bielefeld","Germany",1,"8.516666666","52.016666666","Q2112"
"1061","Bonn","Germany",6,"7.099722222","50.733888888","Q586"
"1081","Bremen","Germany",1,"9.3625","48.0264","Q2663510"
"1091","Brunn","Germany",1,"11.6195","49.379","Q31841757"
"1101","Cologne","Germany",2,"6.957777777","50.942222222","Q365"
"111","Dessau","Germany",2,"11.475605555","52.808883333","Q40387603"
"1121","Dresden","Germany",20,"13.733333333","51.033333333","Q1731"
"113","Elbingen","Germany",1,"7.911111111","50.529166666","Q563997"
"114","Erfurt","Germany",2,"11.029166666","50.978055555","Q1729"
"1151","Erlangen","Germany",1,"11.004444444","49.596388888","Q3126"
"116","Frankfurt","Germany",14,"8.679722222","50.113611111","Q1794"
"1171","Freiburg im Breisgau","Germany",2,"7.849722222","47.994722222","Q2833"
"1181","Fürth","Germany",2,"10.990277777","49.478333333","Q3075"
"119","Gera","Germany",1,"12.083333333","50.880555555","Q3750"
"1201","Gießen","Germany",8,"9.60027778","47.62722222","Q1523441"
"1211","Gotha","Germany",4,"12.6114","51.4161","Q1538724"
"1221","Greifswald","Germany",20,"13.383333333","54.083333333","Q4098"
"1241","Göttingen","Germany",9,"8.23163509","51.66526031","Q19284594"
"125","Halberstadt","Germany",1,"11.046666666","51.895833333","Q7072"
"1261","Halle","Germany",11,"7.75028","50.8942","Q1571425"
"127","Hamburg","Germany",17,"10","53.55","Q1055"
"1291","Heidelberg","Germany",9,"13.4739","50.6427","Q1307281"
"1301","Heilbronn","Germany",1,"9.216666666","49.15","Q715"
"131","Helmstedt","Germany",3,"11.010555555","52.228055555","Q486562"
"133","Kiel","Germany",4,"7.237388","50.96509","Q18202246"
"134","Kirchhain","Germany",1,"8.916666666","50.816666666","Q569684"
"136","Leipzig","Germany",194,"12.383333333","51.333333333","Q2079"
"1371","Lübeck","Germany",11,"10.686388888","53.869722222","Q2843"
"1381","Magdeburg","Germany",1,"11.616666666","52.133333333","Q1733"
"1391","Marburg","Germany",4,"8.766666666","50.816666666","Q3869"
"1401","München","Germany",22,"11.5809","49.5564","Q39562060"
"141","Neuruppin","Germany",1,"12.8","52.922222222","Q16085"
"1431","Offenbach am Main","Germany",2,"8.766666666","50.1","Q3042"
"1441","Quedlinburg","Germany",1,"11.147222222","51.791666666","Q40623"
"145","Regensburg","Germany",2,"12.083333333","49.016666666","Q2978"
"1461","Rostock","Germany",56,"12.133333333","54.083333333","Q2861"
"1471","Schwerin","Germany",1,"7.33312","51.5412","Q1689273"
"1481","Stade","Germany",1,"9.476388888","53.600833333","Q6949"
"1491","Stralsund","Germany",2,"13.083333333","54.3","Q4065"
"1501","Stuttgart","Germany",20,"9.1775","48.776111111","Q1022"
"1511","Torgelow","Germany",1,"13.959444","52.751944","Q18631889"
"1521","Tübingen","Germany",7,"9.055555555","48.52","Q3806"
"1531","Ulm","Germany",1,"8.0497","48.5788","Q2475296"
"1541","Weida","Germany",1,"12.06028","50.77449","Q33514316"
"155","Weimar","Germany",9,"9.392777777","51.366111111","Q661498"
"156","Wiesbaden","Germany",7,"8.241361111","50.082083333","Q1721"
"1571","Wismar","Germany",1,"13.7928","53.5228","Q1248628"
"1581","Wittenberg","Germany",39,"9.68416667","47.6425","Q2586723"
"1611","Budapest","Hungary",28,"19.040833333","47.498333333","Q1781"
"162","Akureyri","Iceland",1,"-18.1","65.683333333","Q29042"
"1681","Jelgava","Latvia",6,"23.724444444","56.652222222","Q179830"
"1701","Riga","Latvia",42,"24.106944444","56.9475","Q1773"
"171","Vilnius","Lithuania",6,"25.283333333","54.683333333","Q216"
"173","Bergen","Norway",6,"5.323333333","60.3925","Q26793"
"1741","Oslo","Norway",37,"10.752777777","59.911111111","Q585"
"176","Trondheim","Norway",1,"10.4","63.44","Q25804"
"177","Braniewo","Poland",3,"19.833333333","54.383333333","Q160814"
"179","Gdansk","Poland",1,"18.64637","54.35205","Q1792"
"1811","Poznan","Poland",1,"16.916666666","52.4","Q268"
"1821","Szczecin","Poland",4,"14.555277777","53.424722222","Q393"
"183","Warsaw","Poland",9,"21.033333333","52.216666666","Q270"
"184","Zary","Poland",2,"15.133333333","51.633333333","Q148849"
"1851","Lisbon","Portugal",1,"-9.166666666","38.716666666","Q597"
"1861","Cluj-Napoca","Romania",1,"23.559444444","46.78","Q16898189"
"187","Oradea","Romania",1,"21.921111111","47.072222222","Q16898113"
"1911","Edinburgh","Scotland",1,"-3.198888888","55.95","Q23436"
"1921","Barcelona","Spain",3,"2.176944444","41.3825","Q1492"
"193","Madrid","Spain",4,"-3.691944444","40.418888888","Q2807"
"1971","Basel","Switzerland",4,"7.591111111","47.550555555","Q78"
"1981","Bern","Switzerland",5,"7.438611111","46.950833333","Q70"
"1991","Geneva","Switzerland",2,"6.15","46.2","Q71"
"2021","Kharkiv","Ukraine",3,"36.229166666","50","Q42308"
"2031","Odessa","Ukraine",4,"30.73262","46.47747","Q1874"
"1321","Jena","Germany",21,"11.586388888","50.927222222","Q3150"
"135","Nanaimo BC","Canada",1,"49.1658836","-123.9400648","Google"
"210","Port Arthur On","Canada",28,"48.3808951","-89.2476823","Google"
"310","Sudbury On","Canada",1,"46.522099","-80.9530353","Google"
"413","Tsing-shin","China",1,NA,NA,"Google"
"510","Haunia","Copenhagen",3,"55.6760968","12.5683372","Google"
"610","Litomerice","Czech Republic",1,"50.5384197","14.1305458","Google"
"710","Narva","Estonia",6,"59.3796931","28.1790751","Google"
"810","Pärnu","Estonia",11,"58.3916898","24.4952894","Google"
"9","Tallinn","Estonia",51,"59.4369608","24.7535747","Google"
"101","Tartu","Estonia",217,"58.377983","26.7290383","Google"
"11","Viljandi","Estonia",2,"58.363476","25.5859692","Google"
"12","Godby","Finland",1,"60.2299259","19.9879697","Google"
"13","Heinäjoki","Finland",1,"60.9448422","24.7302071","Google"
"14","Hvitträsk","Finland",1,"60.1812857","24.519878","Google"
"15","Inkoo","Finland",1,"60.0458754","24.0045755","Google"
"165","Jaakkima","Finland",2,"61.5159315","30.1430803","Google"
"1710","Jääski","Finland",1,"61.0393083","28.9234559","Google"
"188","Kainuu","Finland",3,"64.3736564","28.7437475","Google"
"194","Kallislahti","Finland",1,"61.9090662","28.6005805","Google"
"201","Kaprio","Finland",1,NA,NA,"Google"
"214","Keltto","Finland",1,NA,NA,"Google"
"222","Kettuvaara","Finland",1,"62.6026669","29.7964162","Google"
"231","Kirvu","Finland",1,"61.0752787","29.3032142","Google"
"241","Kivennapa","Finland",1,"63.0696912","27.998904","Google"
"251","Koivisto","Finland",2,NA,NA,"Google"
"261","Koivulahti","Finland",1,"63.1606218","21.8418931","Google"
"271","Kurkijoki","Finland",1,"61.4069219","24.8433035","Google"
"281","Kymenlaakso","Finland",1,"60.780512","26.8829336","Google"
"291","Käkisalmi","Finland",62,"61.3188461","25.55472","Google"
"309","Laihiala","Finland",1,"62.9761152","22.0114719","Google"
"312","Loimijoki","Finland",1,"61.1194194","22.6747772","Google"
"325","Mustasaari","Finland",2,"63.1140608","21.6820104","Google"
"332","Mustiala","Finland",2,"60.8183884","23.7698104","Google"
"346","Mustio","Finland",1,"60.1377409","23.8638715","Google"
"354","Orismala","Finland",1,"62.9507831","22.3976838","Google"
"3610","Perkjärvi","Finland",1,"61.6498728","24.4810897","Google"
"376","Pernaja","Finland",7,"60.4390457","26.0422847","Google"
"38","Pinjainen","Finland",1,"60.0853878","23.6410551","Google"
"398","Pännäinen","Finland",1,"63.597471","22.788939","Google"
"404","Räisälä","Finland",1,"66.576549","27.9323226","Google"
"41","Sairala","Finland",12,"61.11989","27.7199435","Google"
"42","Sakkola","Finland",1,"60.2881233","23.7187077","Google"
"431","Sarvilahti","Finland",1,"60.9807927","27.8523773","Google"
"441","Simola","Finland",1,"60.9075989","28.1487996","Google"
"45","Säkkijärvi","Finland",1,"62.3180361","22.5447585","Google"
"461","Terijoki","Finland",8,"60.1967148","29.7006916","Google"
"47","Terni","Finland",1,NA,NA,"Google"
"482","Tervonsalmi","Finland",1,"62.9580588","26.7546579","Google"
"492","Uusikirkko","Finland",1,"60.8014025","21.4093605","Google"
"501","Valamo","Finland",1,"62.5629556","28.7905196","Google"
"511","Valkjärvi","Finland",1,"60.4156641","24.7123432","Google"
"522","Vyborg","Finland",1324,"60.7139529","28.7571571","Google"
"53","Macon","France",1,"46.3068839","4.828731","Google"
"541","Altenstein","Germany",3,"50.171754","10.7331645","Google"
"552","Braunschweig","Germany",16,"52.2688736","10.5267696","Google"
"561","Gutersloh","Germany",1,"51.9032375","8.3857535","Google"
"57","Hannover","Germany",2,"52.3758916","9.7320104","Google"
"58","Koningsberg","Germany",6,"50.0808691","10.5664483","Google"
"591","Nürnberg","Germany",18,"49.4521018","11.0766654","Google"
"601","Wurzburg","Germany",1,"49.7913044","9.9533548","Google"
"61","Zürich","Germany",7,NA,NA,"Google"
"621","Isafjördur","Iceland",6,"66.0611061","-23.1888598","Google"
"632","Reykjavik","Iceland",6,"64.1265206","-21.8174392","Google"
"641","Calcutta","India",1,"22.572646","88.363895","Google"
"652","Firenze","Italy",7,"43.7695604","11.2558136","Google"
"661","Nizza","Italy",1,"44.7592537","8.3604748","Google"
"67","Liepaja","Latvia",1,"56.5046678","21.010806","Google"
"681","Oniipa","Namibia",1,"-17.908632","16.0375673","Google"
"691","Tromsö","Norway",5,"69.6492047","18.9553239","Google"
"702","Breslau","Poland",2,"51.1078852","17.0385376","Google"
"71","Krakow","Poland",3,"50.0646501","19.9449799","Google"
"721","Archangelsk","Russia",5,"64.5472507","40.5601553","Google"
"73","Inkeri","Russia",1,NA,NA,"Google"
"741","St Petersburg","Russia",628,"59.9342802","30.3350986","Google"
"751","Haaparanta","Sweden",8,"65.8417085","24.1276643","Google"
"762","Nytorp","Sweden",5,"55.95","12.766667","Google"
"772","Visingsborg","Sweden",5,"58.0491787","14.3431721","Google"
"78","Lausanne","Switzerland",1,"46.5196535","6.6322734","Google"
"79","Neuchatel","Switzerland",1,"46.9899874","6.9292732","Google"
"801","Ely Mi","USA",1,"47.9032372","-91.8670873","Google"
"81","Eveleth Mi","USA",1,"47.4624279","-92.5399063","Google"
"821","Harbor Oh","USA",2,"41.5067173","-83.1465875","Google"
"831","Jacobson Mi","USA",1,NA,NA,"Google"
"841","New York","USA",174,"40.7127753","-74.0059728","Google"
"852","Smithville Mn","USA",2,"46.6923372","-92.2303317","Google"
"861","St Louis Kaunti Mi","USA",1,NA,NA,"Google"
